0.333333333333333,0.410714285714286,0.27204315632543,0.359756097560976,0.364563823027679
0.0380952380952381,0.0464285714285714,0.0305267641629987,0.0213414634146341,0.0288932684719593
0,0.0178571428571429,0.0119977282408065,0.0396341463414634,0.0230617952036172
0.571428571428571,0.678571428571428,0.680533863410478,0.192073170731707,0.613242144982543
0.142857142857143,0.125,0.130200198778929,0.115853658536585,0.177763289377
0.571428571428571,0.678571428571428,0.680533863410478,0.588414634146341,0.794068536803767
0.0952380952380952,0.142857142857143,0.094419991480903,0.0853658536585366,0.135556420414246
0.0380952380952381,0.0142857142857143,0.020303847792134,0.0213414634146341,0.0277189571800994
0.428571428571429,0.160714285714286,0.106559704671305,0.298780487804878,0.242914032669389
0.00952380952380952,0.0464285714285714,0.11614368876899,0.00121951219512195,0.043263266572705
0.00952380952380952,0.025,0.0735482038903876,0.00121951219512195,0.0508455975280488
0.019047619047619,0.00714285714285714,0.0379809740167542,0.0365853658536585,0.0463912285454074
0,0.0178571428571429,0.0237114865824223,0.0396341463414634,0.0329526621325412
0.428571428571429,0.517857142857143,0.520800795115718,0.298780487804878,0.524670000600097
0.019047619047619,0.0321428571428571,0.0876047139003266,0.0152439024390244,0.0660644939174465
0.714285714285714,0.553571428571428,0.366605132755928,0.0914634146341463,0.348928715482929
0.0952380952380952,0.0892857142857143,0.094845946329689,0.0396341463414634,0.0645824543401889
0.0285714285714286,0.0107142857142857,0.00709924747976715,0.00365853658536585,0.0100547536379047
0.333333333333333,0.267857142857143,0.177481179894931,0.23780487804878,0.257091848559819
0.571428571428571,0.446428571428571,0.449666356666193,0.390243902439024,0.5517109697903
0.0285714285714286,0.0392857142857143,0.0260542382507454,0.0182926829268293,0.0261166581261312
0.019047619047619,0.0571428571428571,0.0628993326707369,0.0152439024390244,0.0494991456213518
0.714285714285714,0.839285714285714,0.840266931705239,0.481707317073171,0.826169944005793
0.714285714285714,0.267857142857143,0.177481179894931,0.0914634146341463,0.219868749168278
0.00952380952380952,0.00357142857142857,0.0309527190117848,0.0304878048780488,0.0390140473436702
0.019047619047619,0.0321428571428571,0.0876047139003266,0.0152439024390244,0.0668214281128202
0.019047619047619,0.00714285714285714,0.0130626153627715,0.0579268292682927,0.0720964069569486
1,0.375,0.2484026764163,0.128048780487805,0.301092000540346
0.333333333333333,0.125,0.0829192105636802,0.23780487804878,0.189947364321459
0.00952380952380952,0.0464285714285714,0.0305267641629987,0.0487804878048781,0.045860665788593
0.238095238095238,0.196428571428571,0.130200198778929,0.0853658536585366,0.162876876270107
0.019047619047619,0.0321428571428571,0.0212977424393014,0.0024390243902439,0.00778276553877916
0.238095238095238,0.0892857142857143,0.094845946329689,0.0853658536585366,0.15096396923889
0.333333333333333,0.125,0.0829192105636802,0.0426829268292683,0.0672694646624802
0.857142857142857,0.321428571428571,0.212622462019026,0.86280487804878,0.620882225689618
0.428571428571429,0.339285714285714,0.343177623171944,0.146341463414634,0.359745120372824
0.0285714285714286,0.0107142857142857,0.0450092290217237,0.00365853658536585,0.0403557821937506
0,0.0357142857142857,0.0416015902314355,0.024390243902439,0.0350937780849858
0.857142857142857,0.660714285714286,0.662643781059208,0.86280487804878,0.944803741883967
0.571428571428571,0.446428571428571,0.449666356666193,0.588414634146341,0.629452575798426
0.0285714285714286,0.0392857142857143,0.101874201334659,0.0670731707317073,0.152935301218361
0.019047619047619,0.0321428571428571,0.0377679965923612,0.0579268292682927,0.0932788270823008
0.857142857142857,1,0.66243076103933,0.283536585365854,0.608553146882595
0.0952380952380952,0.142857142857143,0.094419991480903,0.13109756097561,0.162421773096138
0.428571428571429,0.517857142857143,0.342964652846798,0.146341463414634,0.344031027125147
0.857142857142857,0.660714285714286,0.662643781059208,0.86280487804878,0.95370068520336
0.00952380952380952,0.00357142857142857,0.0309527190117848,0.0304878048780488,0.046338170854892
0.142857142857143,0.196428571428571,0.130200198778929,0.176829268292683,0.200008008031285
0.19047619047619,0.25,0.25457901462445,0.0701219512195122,0.251228542822999
0.0380952380952381,0.0142857142857143,0.020303847792134,0.0048780487804878,0.0211977499698419
0.333333333333333,0.125,0.0829192105636802,0.359756097560976,0.248527399252089
0.0285714285714286,0.0392857142857143,0.101874201334659,0.0182926829268293,0.0786435476031479
0.0285714285714286,0.0392857142857143,0.101874201334659,0.0426829268292683,0.103425544813484
0.714285714285714,0.839285714285714,0.555729078517677,0.23780487804878,0.52058819066304
0.0380952380952381,0.0464285714285714,0.11614368876899,0.0762195121951219,0.166713424730114
0.571428571428571,0.678571428571428,0.449666356666193,0.192073170731707,0.431940572431506
0.19047619047619,0.0714285714285714,0.0769558426806758,0.0701219512195122,0.130666993272296
0.428571428571429,0.339285714285714,0.22476216811018,0.298780487804878,0.31881162218781
0.19047619047619,0.0714285714285714,0.0769558426806758,0.146341463414634,0.165371689880034
0.19047619047619,0.160714285714286,0.165554444128922,0.0701219512195122,0.187265074828675
0.857142857142857,0.660714285714286,0.437526622178049,0.109756097560976,0.39804232720543
0.00952380952380952,0.00357142857142857,0.0309527190117848,0.0121951219512195,0.0310473519676946
0.142857142857143,0.0535714285714286,0.0356382223484311,0.176829268292683,0.139562770886361
0.00952380952380952,0.025,0.0735482038903876,0.00121951219512195,0.0244660184382641
0.19047619047619,0.0714285714285714,0.0769558426806758,0.222560975609756,0.175872123307833
0.0380952380952381,0.0785714285714286,0.0522504614510862,0.0487804878048781,0.0528464087533162
0.238095238095238,0.303571428571429,0.307823370722703,0.268292682926829,0.376995490977748
0.428571428571429,0.339285714285714,0.343177623171944,0.146341463414634,0.355472322816973
0,0.0357142857142857,0.0234985091580293,0,0.00801385580249756
0,0.0357142857142857,0.0416015902314355,0.00914634146341463,0.0316486571328347
0.238095238095238,0.303571428571429,0.307823370722703,0.268292682926829,0.377125195650558
0.19047619047619,0.160714285714286,0.106559704671305,0.024390243902439,0.0691641640438018
0.019047619047619,0.00714285714285714,0.00468550333664631,0.0024390243902439,0.0039155530273876
0.142857142857143,0.0535714285714286,0.0590657390316626,0.176829268292683,0.150298995481807
0,0,0.0237114865824223,0.0396341463414634,0.0351975331691659
0.19047619047619,0.0714285714285714,0.0471390032656538,0.024390243902439,0.0375390817006977
0,0,0.00582138293340906,0.024390243902439,0.0148934851547324
0,0,0,0.024390243902439,0.0120885775390267
0.019047619047619,0.0321428571428571,0.0212977424393014,0.0024390243902439,0.0172939869901334
0.142857142857143,0.0535714285714286,0.0356382223484311,0.176829268292683,0.148155530079572
0.19047619047619,0.0714285714285714,0.0471390032656538,0.146341463414634,0.139713675550003
0,0,0,0.00914634146341463,0.00625002951107956
0.0952380952380952,0.142857142857143,0.148090302427943,0.0396341463414634,0.123639987262947
0.857142857142857,0.321428571428571,0.325287512423683,0.573170731707317,0.531869097115578
0.857142857142857,1,0.66243076103933,0.86280487804878,0.892168416108616
0.571428571428571,0.214285714285714,0.141700979696152,0.192073170731707,0.226800247043036
0,0,0.00582138293340906,0,0.00388489805452154
0.0380952380952381,0.0464285714285714,0.11614368876899,0.0048780487804878,0.0836555982915498
0.0285714285714286,0.0392857142857143,0.0450092290217237,0.0670731707317073,0.103322969936681
0.142857142857143,0.0535714285714286,0.0356382223484311,0.0548780487804878,0.0519904331111968
0,0,0,0,0.000838289273669621
0.0285714285714286,0.0107142857142857,0.0164702541530598,0.0670731707317073,0.0822879282369851
0.00952380952380952,0.0464285714285714,0.0305267641629987,0.00121951219512195,0.0103848819291866
0.571428571428571,0.214285714285714,0.218798800227176,0.390243902439024,0.367139982755286
0.0380952380952381,0.0785714285714286,0.0841970751100383,0.0213414634146341,0.0640000141002358
0.857142857142857,0.321428571428571,0.212622462019026,0.573170731707317,0.437156592666138
0.238095238095238,0.0892857142857143,0.094845946329689,0.0853658536585366,0.147183997397407
0.428571428571429,0.339285714285714,0.22476216811018,0.146341463414634,0.264045755401076
1,0.767857142857143,0.508448118699418,1,0.884982215333599
0.571428571428571,0.678571428571428,0.449666356666193,0.588414634146341,0.595322065406882
0.00952380952380952,0.025,0.0735482038903876,0.0487804878048781,0.0676809443770701
0.142857142857143,0.196428571428571,0.130200198778929,0.0548780487804878,0.0843488675499682
0.238095238095238,0.0892857142857143,0.0592787164560556,0.268292682926829,0.195140975471689
0.714285714285714,0.267857142857143,0.177481179894931,0.23780487804878,0.27519111391631
0.0952380952380952,0.142857142857143,0.094419991480903,0.0396341463414634,0.0825331609457435
0.00952380952380952,0.0464285714285714,0.11614368876899,0.0121951219512195,0.0860608189521099
1,0.375,0.2484026764163,1,0.74745915134611
0.238095238095238,0.196428571428571,0.130200198778929,0.268292682926829,0.23169439489659
0.0285714285714286,0.0107142857142857,0.00709924747976715,0.0670731707317073,0.0760532258586301
0,0.0178571428571429,0.0237114865824223,0.00914634146341463,0.0213698888161364
0.0285714285714286,0.0107142857142857,0.00709924747976715,0.0426829268292683,0.0269643797444914
0.0285714285714286,0.0678571428571429,0.0445832741729377,0.0182926829268293,0.0364355129350662
0.0285714285714286,0.0392857142857143,0.0450092290217237,0.0670731707317073,0.102186384840207
0.238095238095238,0.196428571428571,0.201334658526196,0.0853658536585366,0.216701866290764
0.428571428571429,0.160714285714286,0.106559704671305,0.146341463414634,0.19596276919554
0.714285714285714,0.267857142857143,0.177481179894931,0.481707317073171,0.353255743744599
0.19047619047619,0.25,0.165341473803777,0.222560975609756,0.239552621668854
0.571428571428571,0.678571428571428,0.449666356666193,0.390243902439024,0.530288059244013
0,0.0178571428571429,0.0592787164560556,0.0396341463414634,0.0671362338695882
0.571428571428571,0.214285714285714,0.141700979696152,0.192073170731707,0.237654374473329
0.0285714285714286,0.0678571428571429,0.0735482038903876,0.0670731707317073,0.128304215863739
0.019047619047619,0.00714285714285714,0.0130626153627715,0.0365853658536585,0.0236595635195175
0.00952380952380952,0.0464285714285714,0.11614368876899,0.0304878048780488,0.0877597957367908
0.00952380952380952,0.0464285714285714,0.0522504614510862,0.0487804878048781,0.0537778440961835
0.142857142857143,0.125,0.0829192105636802,0.0548780487804878,0.0629436092982114
0,0.0178571428571429,0.0592787164560556,0.024390243902439,0.0498151279305087
0.00952380952380952,0.0464285714285714,0.0522504614510862,0.0121951219512195,0.0379104785780387
0.19047619047619,0.0714285714285714,0.0471390032656538,0.222560975609756,0.172641582685436
0.19047619047619,0.25,0.165341473803777,0.146341463414634,0.225984368622311
0.428571428571429,0.160714285714286,0.106559704671305,0.298780487804878,0.233999386593052
0.333333333333333,0.267857142857143,0.177481179894931,0.115853658536585,0.207966449383501
0.142857142857143,0.125,0.130200198778929,0.176829268292683,0.206355892532883
0.019047619047619,0.00714285714285714,0.0379809740167542,0.0152439024390244,0.0365015382867753
0.142857142857143,0.196428571428571,0.130200198778929,0.0548780487804878,0.110520936471393
0.571428571428571,0.678571428571428,0.680533863410478,0.390243902439024,0.674153063779584
0.571428571428571,0.214285714285714,0.218798800227176,0.390243902439024,0.363361219889472
0.019047619047619,0.0321428571428571,0.0212977424393014,0.0024390243902439,0.00795608282390804
0.714285714285714,0.839285714285714,0.555729078517677,0.481707317073171,0.638455620114704
0.571428571428571,0.214285714285714,0.141700979696152,0.0731707317073171,0.179548325563087
0.142857142857143,0.0535714285714286,0.0356382223484311,0.115853658536585,0.100967273536578
1,0.375,0.2484026764163,0.664634146341463,0.512575518605004
0,0.0178571428571429,0.0592787164560556,0.0396341463414634,0.0540077488468975
0.142857142857143,0.196428571428571,0.130200198778929,0.176829268292683,0.201494761010171
0.0285714285714286,0.0392857142857143,0.0450092290217237,0.0182926829268293,0.0376086475566344
0.571428571428571,0.446428571428571,0.449666356666193,0.588414634146341,0.625210434040762
0.571428571428571,0.446428571428571,0.449666356666193,0.588414634146341,0.611865019120624
0.019047619047619,0.0321428571428571,0.0876047139003266,0.0024390243902439,0.0318054699075302
0.142857142857143,0.125,0.0829192105636802,0.176829268292683,0.164941356087318
0.238095238095238,0.0892857142857143,0.094845946329689,0.0304878048780488,0.0972592279657858
0.238095238095238,0.196428571428571,0.201334658526196,0.268292682926829,0.305540472258994
0.0285714285714286,0.0107142857142857,0.00709924747976715,0.00365853658536585,0.0108635672028624
0.00952380952380952,0.0464285714285714,0.11614368876899,0.00121951219512195,0.0824058310718328
0.0285714285714286,0.0107142857142857,0.0164702541530598,0.0426829268292683,0.0389468419024872
0,0.0178571428571429,0.0119977282408065,0.00914634146341463,0.0135234548033169
0.0380952380952381,0.0142857142857143,0.0094419991480903,0.0762195121951219,0.0824930781084945
0.428571428571429,0.160714285714286,0.165554444128922,0.146341463414634,0.240160989921219
0.019047619047619,0.0321428571428571,0.0377679965923612,0.0579268292682927,0.0957441793676615
0.142857142857143,0.125,0.130200198778929,0.176829268292683,0.208700981686545
0.19047619047619,0.0714285714285714,0.0471390032656538,0.0701219512195122,0.103233362603168
0.238095238095238,0.0892857142857143,0.0592787164560556,0.0304878048780488,0.0513030611167718
0.714285714285714,0.553571428571428,0.5561550688627,0.23780487804878,0.546726063282051
0.019047619047619,0.0571428571428571,0.0628993326707369,0.0365853658536585,0.053927575744521
0.0380952380952381,0.0142857142857143,0.0522504614510862,0.0487804878048781,0.0756499929757264
0.0285714285714286,0.0107142857142857,0.00709924747976715,0.0182926829268293,0.0143216574668468
0.00952380952380952,0.025,0.0164702541530598,0.0121951219512195,0.0168365251699528
0.0380952380952381,0.0142857142857143,0.0094419991480903,0.0048780487804878,0.012156961419044
0.0285714285714286,0.0678571428571429,0.0735482038903876,0.0182926829268293,0.0549085282736761
0.019047619047619,0.00714285714285714,0.0130626153627715,0.0024390243902439,0.00707417009085896
0.019047619047619,0.0321428571428571,0.0876047139003266,0.0579268292682927,0.136078736339374
0.00952380952380952,0.00357142857142857,0.00241374414312083,0.0304878048780488,0.0152153611907977
0.0952380952380952,0.0892857142857143,0.0592787164560556,0.0853658536585366,0.108939862639462
0.0380952380952381,0.0464285714285714,0.0305267641629987,0.0762195121951219,0.0917826398722784
0.0380952380952381,0.0464285714285714,0.11614368876899,0.0762195121951219,0.166713424730114
0.00952380952380952,0.00357142857142857,0.0309527190117848,0.00121951219512195,0.0143417008308681
0.19047619047619,0.160714285714286,0.165554444128922,0.222560975609756,0.24494431594838
0.019047619047619,0.0321428571428571,0.0212977424393014,0.0152439024390244,0.0225583496272064
0.0380952380952381,0.0142857142857143,0.020303847792134,0.0487804878048781,0.0397580139957532
1,0.375,0.378531868521937,0.329268292682927,0.499713459207733
0,0.0357142857142857,0.094845946329689,0,0.0337508666825165
0.142857142857143,0.125,0.130200198778929,0.0548780487804878,0.0903206489646696
0.019047619047619,0.0321428571428571,0.0876047139003266,0.0024390243902439,0.0310449952079289
0.857142857142857,1,1,0.573170731707317,0.997667849739239
0,0,0.00582138293340906,0.0396341463414634,0.0217459992130089
0.714285714285714,0.267857142857143,0.177481179894931,0.725609756097561,0.466336364083554
0.857142857142857,0.321428571428571,0.212622462019026,0.109756097560976,0.248088775357346
0.00952380952380952,0.0464285714285714,0.11614368876899,0.0487804878048781,0.119672553922753
0.0380952380952381,0.0464285714285714,0.0522504614510862,0.0487804878048781,0.0644091407100479
0.0952380952380952,0.0892857142857143,0.0592787164560556,0.0121951219512195,0.0392321682955553
0.0380952380952381,0.0785714285714286,0.0841970751100383,0.0762195121951219,0.138552335456421
0.571428571428571,0.214285714285714,0.218798800227176,0.390243902439024,0.375258784578499
0.428571428571429,0.160714285714286,0.165554444128922,0.146341463414634,0.248306907156292
0,0.0357142857142857,0.0416015902314355,0.00914634146341463,0.0305250432346394
1,0.767857142857143,0.508448118699418,1,0.899624561437061
0.857142857142857,0.321428571428571,0.325287512423683,0.109756097560976,0.349018322698538
0,0,0.0237114865824223,0.024390243902439,0.0297291990994178
0.0952380952380952,0.142857142857143,0.094419991480903,0.13109756097561,0.162261412507239
0.19047619047619,0.25,0.165341473803777,0.222560975609756,0.23998295546157
0.142857142857143,0.125,0.130200198778929,0.0548780487804878,0.118685707784592
0.238095238095238,0.196428571428571,0.201334658526196,0.268292682926829,0.297125761909577
0.00952380952380952,0.025,0.0309527190117848,0.00121951219512195,0.0108376283433903
0.142857142857143,0.196428571428571,0.201334658526196,0.176829268292683,0.260686704815295
0.571428571428571,0.678571428571428,0.449666356666193,0.192073170731707,0.42930074057487
0.857142857142857,1,0.66243076103933,0.86280487804878,0.892340549649283
0.19047619047619,0.160714285714286,0.165554444128922,0.222560975609756,0.246467611378191
0.238095238095238,0.303571428571429,0.201121674002556,0.268292682926829,0.281626259838716
1,0.375,0.2484026764163,0.329268292682927,0.375208094376907
0.428571428571429,0.160714285714286,0.165554444128922,0.0548780487804878,0.163618475315364
0.428571428571429,0.339285714285714,0.343177623171944,0.298780487804878,0.429274776719997
0.00952380952380952,0.00357142857142857,0.0309527190117848,0.0487804878048781,0.0550511932977041
0.333333333333333,0.410714285714286,0.27204315632543,0.359756097560976,0.365536521415172
0.00952380952380952,0.00357142857142857,0.00241374414312083,0.0121951219512195,0.00875074852029537
0.714285714285714,0.839285714285714,0.555729078517677,0.481707317073171,0.640594393691529
0.571428571428571,0.446428571428571,0.295683664631549,0.192073170731707,0.332987077781389
0.571428571428571,0.214285714285714,0.141700979696152,0.390243902439024,0.301696857056774
0.142857142857143,0.125,0.0829192105636802,0.0182926829268293,0.0560816628952442
0.019047619047619,0.00714285714285714,0.0379809740167542,0.0365853658536585,0.046031626431859
0.00952380952380952,0.025,0.0164702541530598,0.00121951219512195,0.0144006522482919
0.428571428571429,0.339285714285714,0.22476216811018,0.298780487804878,0.318956640434518
0.00952380952380952,0.0464285714285714,0.0305267641629987,0.00121951219512195,0.0231183863241902
0.333333333333333,0.267857142857143,0.177481179894931,0.359756097560976,0.300766587537138
0.238095238095238,0.303571428571429,0.201121674002556,0.268292682926829,0.280481399142264
0.19047619047619,0.160714285714286,0.106559704671305,0.222560975609756,0.194029159874371
0.238095238095238,0.0892857142857143,0.0592787164560556,0.0304878048780488,0.0607588663493023
0.714285714285714,0.267857142857143,0.27204315632543,0.23780487804878,0.369921320886889
0.19047619047619,0.160714285714286,0.165554444128922,0.146341463414634,0.231581212773347
0.571428571428571,0.446428571428571,0.295683664631549,0.192073170731707,0.343301215415804
1,0.375,0.378531868521937,1,0.822900500635622
0.333333333333333,0.267857142857143,0.27204315632543,0.115853658536585,0.278395704832173
0.857142857142857,0.321428571428571,0.212622462019026,0.283536585365854,0.322536183116096
0.0285714285714286,0.0107142857142857,0.0164702541530598,0.00365853658536585,0.0110050502509711
0.019047619047619,0.0321428571428571,0.0212977424393014,0.0579268292682927,0.0767936518885826
0.0285714285714286,0.0678571428571429,0.0445832741729377,0.0426829268292683,0.055244555597494
0.019047619047619,0.00714285714285714,0.0130626153627715,0.0579268292682927,0.0729853917378375
0.238095238095238,0.0892857142857143,0.094845946329689,0.0304878048780488,0.075568639665973
0.019047619047619,0.0571428571428571,0.0628993326707369,0.0365853658536585,0.0537330404294272
0.0380952380952381,0.0142857142857143,0.0522504614510862,0.0048780487804878,0.0463617528366955
0.714285714285714,0.553571428571428,0.5561550688627,0.725609756097561,0.764090532068084
0.857142857142857,0.321428571428571,0.212622462019026,0.109756097560976,0.244140210597327
0,0.0178571428571429,0.0592787164560556,0,0.0204089814195451
0.0380952380952381,0.0142857142857143,0.020303847792134,0.0048780487804878,0.0131909697522692
0.238095238095238,0.0892857142857143,0.094845946329689,0.268292682926829,0.207848546548653
0.428571428571429,0.517857142857143,0.520800795115718,0.146341463414634,0.481781635448596
0.238095238095238,0.0892857142857143,0.0592787164560556,0.0304878048780488,0.0468699138190832
0.714285714285714,0.553571428571428,0.5561550688627,0.23780487804878,0.553714166543625
0.333333333333333,0.410714285714286,0.414312082919211,0.115853658536585,0.38384093652527
0.019047619047619,0.00714285714285714,0.0379809740167542,0.0579268292682927,0.104948847435367
0.857142857142857,0.660714285714286,0.662643781059208,0.573170731707317,0.800910412960867
0.00952380952380952,0.00357142857142857,0.0309527190117848,0.0121951219512195,0.0305085387242061
0.714285714285714,0.839285714285714,0.555729078517677,0.23780487804878,0.521031477732804
0.857142857142857,0.660714285714286,0.437526622178049,0.109756097560976,0.397794719815675
0.19047619047619,0.0714285714285714,0.0769558426806758,0.024390243902439,0.0624920394363968
0.00952380952380952,0.00357142857142857,0.00965497657248332,0.00121951219512195,0.00674286347864557
0.714285714285714,0.553571428571428,0.366605132755928,0.725609756097561,0.568479136311442
0.428571428571429,0.339285714285714,0.22476216811018,0.0548780487804878,0.185304350095645
0.142857142857143,0.196428571428571,0.201334658526196,0.115853658536585,0.21657571662423
0.333333333333333,0.267857142857143,0.27204315632543,0.23780487804878,0.342480616283475
0.571428571428571,0.446428571428571,0.295683664631549,0.192073170731707,0.334548110135743
0.0380952380952381,0.0464285714285714,0.0305267641629987,0.0487804878048781,0.0395186713589153
0.019047619047619,0.0571428571428571,0.0628993326707369,0.0579268292682927,0.116220355499232
0.428571428571429,0.160714285714286,0.106559704671305,0.0548780487804878,0.0854418290691597
0.238095238095238,0.0892857142857143,0.094845946329689,0.0304878048780488,0.0738908846841476
0,0,0.00582138293340906,0.024390243902439,0.0183551125037622
0.857142857142857,0.321428571428571,0.212622462019026,0.573170731707317,0.4299409449507
0.00952380952380952,0.025,0.0735482038903876,0.0487804878048781,0.082842065901433
0.019047619047619,0.0321428571428571,0.0876047139003266,0.0579268292682927,0.136153015714843
0.0380952380952381,0.0785714285714286,0.0522504614510862,0.0213414634146341,0.0411138965965011
0.19047619047619,0.160714285714286,0.165554444128922,0.146341463414634,0.229579224877788
0.333333333333333,0.410714285714286,0.27204315632543,0.115853658536585,0.262648595371557
0.857142857142857,0.321428571428571,0.212622462019026,0.283536585365854,0.323018387317781
0.019047619047619,0.00714285714285714,0.0379809740167542,0.0024390243902439,0.0315248605710787
0,0.0178571428571429,0.0237114865824223,0.0396341463414634,0.0367467781876066
0.0380952380952381,0.0464285714285714,0.0522504614510862,0.0487804878048781,0.0549061678589225
0.428571428571429,0.160714285714286,0.106559704671305,0.0548780487804878,0.106118448744781
0.019047619047619,0.0321428571428571,0.0377679965923612,0.0152439024390244,0.0310992294508333
0,0,0,0.00914634146341463,0.00655775508471208
0.019047619047619,0.0571428571428571,0.0628993326707369,0.0579268292682927,0.115896122703401
0.714285714285714,0.267857142857143,0.177481179894931,0.0914634146341463,0.21604987457902
0.019047619047619,0.00714285714285714,0.0130626153627715,0.0152439024390244,0.0200423036031689
0.238095238095238,0.0892857142857143,0.0592787164560556,0.268292682926829,0.193205020119911
1,0.375,0.378531868521937,1,0.814183923422339
0.714285714285714,0.553571428571428,0.366605132755928,0.725609756097561,0.568159624227216
0.19047619047619,0.160714285714286,0.106559704671305,0.0701219512195122,0.13866317166696
0.019047619047619,0.00714285714285714,0.0379809740167542,0.0579268292682927,0.100391907113008
0.0380952380952381,0.0142857142857143,0.0522504614510862,0.0762195121951219,0.125972108755416
0.19047619047619,0.0714285714285714,0.0769558426806758,0.146341463414634,0.159554368017347
0.0952380952380952,0.0892857142857143,0.0592787164560556,0.0396341463414634,0.0576709907509338
0.0380952380952381,0.0142857142857143,0.0522504614510862,0.0048780487804878,0.0224274773626227
0.0380952380952381,0.0785714285714286,0.0841970751100383,0.0762195121951219,0.138552335456421
0.428571428571429,0.339285714285714,0.22476216811018,0.298780487804878,0.316896881328912
0.00952380952380952,0.0464285714285714,0.0522504614510862,0.0121951219512195,0.0394455721908239
1,0.375,0.2484026764163,0.329268292682927,0.375124387962376
0,0.0178571428571429,0.0592787164560556,0.00914634146341463,0.0462662518941774
0.00952380952380952,0.025,0.0735482038903876,0.0121951219512195,0.0545017619607149
0.0952380952380952,0.0892857142857143,0.0592787164560556,0.13109756097561,0.135098956825523
0.857142857142857,0.660714285714286,0.437526622178049,0.573170731707317,0.59165999651815
0.428571428571429,0.517857142857143,0.520800795115718,0.451219512195122,0.602537742008514
0.0380952380952381,0.0464285714285714,0.0305267641629987,0.0048780487804878,0.0127535494096646
0.0380952380952381,0.0785714285714286,0.0522504614510862,0.0762195121951219,0.108044976939592
0.019047619047619,0.00714285714285714,0.0130626153627715,0.0365853658536585,0.0250048316817526
0.0380952380952381,0.0464285714285714,0.0522504614510862,0.0213414634146341,0.0413308373410095
0.571428571428571,0.678571428571428,0.680533863410478,0.390243902439024,0.673514039611131
0.0285714285714286,0.0107142857142857,0.0164702541530598,0.0182926829268293,0.025535394438567
0.0285714285714286,0.0392857142857143,0.101874201334659,0.0182926829268293,0.0782745111405606
0.0380952380952381,0.0785714285714286,0.0522504614510862,0.0487804878048781,0.0631452185475904
0.00952380952380952,0.00357142857142857,0.0309527190117848,0.0304878048780488,0.0387523029324055
0.00952380952380952,0.00357142857142857,0.0309527190117848,0.00121951219512195,0.0132723211755772
0.0285714285714286,0.0392857142857143,0.0260542382507454,0.0670731707317073,0.0853993786250842
0.0380952380952381,0.0464285714285714,0.0305267641629987,0.0048780487804878,0.0246169339489662
0.857142857142857,1,0.66243076103933,0.573170731707317,0.765133983710963
0.00952380952380952,0.0464285714285714,0.11614368876899,0.0487804878048781,0.0962016357643116
0.857142857142857,0.321428571428571,0.212622462019026,0.283536585365854,0.319483662569202
0,0.0178571428571429,0.0119977282408065,0.024390243902439,0.0182018402332943
0.333333333333333,0.410714285714286,0.27204315632543,0.115853658536585,0.262884401041252
0.142857142857143,0.196428571428571,0.130200198778929,0.0548780487804878,0.109832388042482
0.333333333333333,0.267857142857143,0.177481179894931,0.23780487804878,0.257287556890216
0.571428571428571,0.446428571428571,0.295683664631549,0.390243902439024,0.406353296854812
0.571428571428571,0.678571428571428,0.680533863410478,0.192073170731707,0.612067779809087
0.00952380952380952,0.025,0.0164702541530598,0.0487804878048781,0.0277861627391852
0.142857142857143,0.0535714285714286,0.0590657390316626,0.115853658536585,0.119707930550446
0.142857142857143,0.0535714285714286,0.0356382223484311,0.0182926829268293,0.0292528707034106
0.714285714285714,0.553571428571428,0.5561550688627,0.481707317073171,0.660661479173652
0.571428571428571,0.214285714285714,0.218798800227176,0.588414634146341,0.460554404464415
0.0285714285714286,0.0392857142857143,0.0450092290217237,0.0426829268292683,0.0493482301106496
1,0.375,0.378531868521937,0.329268292682927,0.513242809506501
0.0380952380952381,0.0785714285714286,0.0841970751100383,0.0487804878048781,0.0711649717319842
0.714285714285714,0.553571428571428,0.366605132755928,0.725609756097561,0.568143101677648
0.0380952380952381,0.0142857142857143,0.020303847792134,0.0213414634146341,0.0267910624593625
0.571428571428571,0.214285714285714,0.141700979696152,0.588414634146341,0.39680788806166
1,0.375,0.378531868521937,0.128048780487805,0.424640038094161
0.00952380952380952,0.025,0.0164702541530598,0.0304878048780488,0.0281941054866326
0.333333333333333,0.267857142857143,0.27204315632543,0.23780487804878,0.344575752016775
0.0285714285714286,0.0678571428571429,0.0445832741729377,0.00365853658536585,0.0338487245027032
0.0952380952380952,0.142857142857143,0.094419991480903,0.13109756097561,0.162243738636489
0.333333333333333,0.125,0.0829192105636802,0.115853658536585,0.141964451042694
0.0285714285714286,0.0107142857142857,0.00709924747976715,0.0182926829268293,0.0145692523589014
0.714285714285714,0.553571428571428,0.366605132755928,0.481707317073171,0.484300023966156
0.0380952380952381,0.0464285714285714,0.0522504614510862,0.0213414634146341,0.0441616855847299
1,0.375,0.2484026764163,0.664634146341463,0.510225694355592
0.19047619047619,0.0714285714285714,0.0769558426806758,0.222560975609756,0.176359062605268
0.0285714285714286,0.0107142857142857,0.0450092290217237,0.0670731707317073,0.11622743662559
0.571428571428571,0.678571428571428,0.680533863410478,0.588414634146341,0.794312574921003
0.142857142857143,0.0535714285714286,0.0356382223484311,0.0182926829268293,0.0303564430061271
0.00952380952380952,0.025,0.0309527190117848,0.0487804878048781,0.0467213550681468
0.019047619047619,0.0321428571428571,0.0377679965923612,0.0579268292682927,0.0933059424941619
0,0.0357142857142857,0.0234985091580293,0.00914634146341463,0.0203759669751481
0.0952380952380952,0.0357142857142857,0.0234985091580293,0.13109756097561,0.123154228172889
0.0285714285714286,0.0392857142857143,0.0450092290217237,0.0426829268292683,0.0590704968110613
0.238095238095238,0.0892857142857143,0.094845946329689,0.176829268292683,0.183586497656619
1,0.375,0.2484026764163,1,0.754117149779066
0.333333333333333,0.125,0.0829192105636802,0.115853658536585,0.142465538090796
0,0.0357142857142857,0.0234985091580293,0.024390243902439,0.0268087471771727
0.857142857142857,0.660714285714286,0.662643781059208,0.573170731707317,0.798678491664204
0.714285714285714,0.553571428571428,0.366605132755928,0.23780487804878,0.411002197615462
0.0285714285714286,0.0392857142857143,0.0260542382507454,0.00365853658536585,0.0202297686389653
0.0380952380952381,0.0785714285714286,0.0522504614510862,0.0213414634146341,0.0411138965965011
0.0952380952380952,0.142857142857143,0.148090302427943,0.0853658536585366,0.171135961244278
0.019047619047619,0.0321428571428571,0.0876047139003266,0.0365853658536585,0.0725798057501559
0.19047619047619,0.25,0.25457901462445,0.146341463414634,0.285142101622974
0.19047619047619,0.0714285714285714,0.0769558426806758,0.0701219512195122,0.132811653383957
0.142857142857143,0.0535714285714286,0.0356382223484311,0.176829268292683,0.140592060276525
1,0.375,0.378531868521937,0.128048780487805,0.426737534124311
0.714285714285714,0.267857142857143,0.27204315632543,0.0914634146341463,0.303880419916209
1,0.767857142857143,0.508448118699418,0.329268292682927,0.555311726964758
0.0285714285714286,0.0678571428571429,0.0445832741729377,0.0426829268292683,0.0567678582193774
0.0380952380952381,0.0142857142857143,0.0094419991480903,0.0487804878048781,0.0331578155411356
0.019047619047619,0.0571428571428571,0.0628993326707369,0.0579268292682927,0.117253185511525
0.0285714285714286,0.0392857142857143,0.0260542382507454,0.0670731707317073,0.0850786863334808
0.714285714285714,0.267857142857143,0.27204315632543,0.0914634146341463,0.315136600022029
0,0,0.0237114865824223,0.024390243902439,0.0282801723159175
0,0,0.00582138293340906,0.024390243902439,0.0163389750889929
0.00952380952380952,0.00357142857142857,0.0309527190117848,0.0487804878048781,0.0543767853094849
0.0285714285714286,0.0678571428571429,0.0445832741729377,0.00365853658536585,0.0179577805398398
0.571428571428571,0.214285714285714,0.218798800227176,0.0731707317073171,0.250426797768796
0.19047619047619,0.160714285714286,0.165554444128922,0.0701219512195122,0.18578068214664
0.333333333333333,0.125,0.0829192105636802,0.359756097560976,0.249623872625119
0.333333333333333,0.410714285714286,0.414312082919211,0.359756097560976,0.499741783595263
0.333333333333333,0.410714285714286,0.414312082919211,0.115853658536585,0.38533121574214
0.333333333333333,0.267857142857143,0.177481179894931,0.359756097560976,0.300316219458919
0,0.0178571428571429,0.0592787164560556,0.024390243902439,0.0495592772461524
0.0285714285714286,0.0107142857142857,0.00709924747976715,0.0670731707317073,0.0765036155130679
0.00952380952380952,0.025,0.0164702541530598,0.00121951219512195,0.0065789777128875
0.19047619047619,0.25,0.165341473803777,0.0701219512195122,0.180730894533694
0.857142857142857,0.321428571428571,0.325287512423683,0.283536585365854,0.448634445193034
0.238095238095238,0.196428571428571,0.130200198778929,0.0853658536585366,0.160333704105051
0.19047619047619,0.160714285714286,0.106559704671305,0.146341463414634,0.177139578782445
0.00952380952380952,0.0464285714285714,0.0522504614510862,0.0304878048780488,0.0563599118169422
0.857142857142857,1,0.66243076103933,0.86280487804878,0.897241749743001
0.0285714285714286,0.0107142857142857,0.0450092290217237,0.0670731707317073,0.112012410279786
0,0.0178571428571429,0.0119977282408065,0.024390243902439,0.0202415578613246
0.238095238095238,0.0892857142857143,0.0592787164560556,0.0853658536585366,0.113940118681974
0.19047619047619,0.25,0.25457901462445,0.0701219512195122,0.251228542822999
0.714285714285714,0.553571428571428,0.366605132755928,0.481707317073171,0.487479888771107
0.238095238095238,0.196428571428571,0.201334658526196,0.0853658536585366,0.216664143750366
1,0.375,0.378531868521937,0.664634146341463,0.605722269870583
0.0380952380952381,0.0464285714285714,0.0305267641629987,0.0048780487804878,0.0243469353960396
0.0380952380952381,0.0142857142857143,0.020303847792134,0.0213414634146341,0.0270056429070201
1,0.767857142857143,0.508448118699418,1,0.886079897682298
0.571428571428571,0.446428571428571,0.295683664631549,0.390243902439024,0.408401283008651
0.333333333333333,0.125,0.130200198778929,0.0426829268292683,0.0998719516026331
0.142857142857143,0.125,0.130200198778929,0.176829268292683,0.20875522677651
0,0.0178571428571429,0.0592787164560556,0.0396341463414634,0.0552268673425988
0.0380952380952381,0.0142857142857143,0.0094419991480903,0.0762195121951219,0.0836709262495942
0.019047619047619,0.0571428571428571,0.0375550191679682,0.0024390243902439,0.015174094491184
0.238095238095238,0.303571428571429,0.307823370722703,0.0853658536585366,0.294129832365353
0.019047619047619,0.0321428571428571,0.0876047139003266,0.0152439024390244,0.0658345819746596
0.714285714285714,0.839285714285714,0.555729078517677,0.725609756097561,0.71293486399692
0.00952380952380952,0.0464285714285714,0.11614368876899,0.0121951219512195,0.0860608189521099
0.571428571428571,0.214285714285714,0.141700979696152,0.0731707317073171,0.180880633374104
0.019047619047619,0.0321428571428571,0.0377679965923612,0.0152439024390244,0.0313539000457155
0.428571428571429,0.517857142857143,0.342964652846798,0.146341463414634,0.346365508914466
0.00952380952380952,0.00357142857142857,0.00965497657248332,0.00121951219512195,0.00536693668855649
0.428571428571429,0.339285714285714,0.343177623171944,0.451219512195122,0.465985015993765
0.714285714285714,0.267857142857143,0.27204315632543,0.481707317073171,0.437334627125786
0.571428571428571,0.678571428571428,0.680533863410478,0.390243902439024,0.674223816917067
0.00952380952380952,0.00357142857142857,0.0309527190117848,0.0121951219512195,0.0316215417209736
0.857142857142857,0.660714285714286,0.437526622178049,0.283536585365854,0.473625125469131
0.238095238095238,0.0892857142857143,0.094845946329689,0.0853658536585366,0.149505511761339
0.00952380952380952,0.00357142857142857,0.00241374414312083,0.0304878048780488,0.0171359976630489
0.019047619047619,0.00714285714285714,0.00468550333664631,0.0579268292682927,0.0688116285545627
0.571428571428571,0.214285714285714,0.141700979696152,0.588414634146341,0.395449645046158
0,0.0178571428571429,0.0119977282408065,0.0396341463414634,0.0278498276761406
0.428571428571429,0.517857142857143,0.520800795115718,0.298780487804878,0.532573002388728
0.142857142857143,0.125,0.130200198778929,0.115853658536585,0.176550064608207
0.714285714285714,0.839285714285714,0.840266931705239,0.481707317073171,0.826626184234702
0.333333333333333,0.410714285714286,0.27204315632543,0.115853658536585,0.262220621875692
0.19047619047619,0.160714285714286,0.106559704671305,0.222560975609756,0.19412937433642
1,0.767857142857143,0.508448118699418,0.128048780487805,0.486402240707911
0.428571428571429,0.160714285714286,0.165554444128922,0.146341463414634,0.248443664069266
0,0.0178571428571429,0.0119977282408065,0,0.00523016987174456
0.0380952380952381,0.0785714285714286,0.0841970751100383,0.0487804878048781,0.0875735071354805
0.0952380952380952,0.142857142857143,0.148090302427943,0.0853658536585366,0.171876394466303
1,0.767857142857143,0.508448118699418,0.128048780487805,0.484278838241568
0.0952380952380952,0.0357142857142857,0.0234985091580293,0.13109756097561,0.122893667506086
0.142857142857143,0.196428571428571,0.201334658526196,0.0548780487804878,0.165830333676134
0.00952380952380952,0.025,0.0164702541530598,0.0304878048780488,0.0239307385069302
0.0380952380952381,0.0142857142857143,0.0094419991480903,0.0762195121951219,0.0827512855526165
0.19047619047619,0.160714285714286,0.165554444128922,0.0701219512195122,0.186160325737764
0.19047619047619,0.160714285714286,0.165554444128922,0.146341463414634,0.230485890839402
0.142857142857143,0.196428571428571,0.201334658526196,0.115853658536585,0.215738609444383
0.428571428571429,0.517857142857143,0.520800795115718,0.146341463414634,0.480246538298726
0.0952380952380952,0.142857142857143,0.148090302427943,0.13109756097561,0.20824705860205
0.714285714285714,0.267857142857143,0.27204315632543,0.725609756097561,0.508314494118825
0,0.0178571428571429,0.0592787164560556,0,0.0199008187865177
0.0952380952380952,0.142857142857143,0.148090302427943,0.0396341463414634,0.0932257693917853
0.019047619047619,0.0321428571428571,0.0377679965923612,0.0365853658536585,0.0417541080465012
0,0,0.0237114865824223,0,0.0120921145061692
0.238095238095238,0.0892857142857143,0.0592787164560556,0.176829268292683,0.154194509743384
0,0,0.0237114865824223,0.00914634146341463,0.0259692795825716
0.0380952380952381,0.0785714285714286,0.0522504614510862,0.0213414634146341,0.0411138965965011
0.714285714285714,0.553571428571428,0.5561550688627,0.481707317073171,0.665121752612359
0.333333333333333,0.125,0.0829192105636802,0.359756097560976,0.256064919466506
0.428571428571429,0.517857142857143,0.342964652846798,0.298780487804878,0.414045276739148
0.571428571428571,0.446428571428571,0.449666356666193,0.390243902439024,0.546487897197602
0.0380952380952381,0.0464285714285714,0.11614368876899,0.0487804878048781,0.0962016357643116
0.019047619047619,0.0571428571428571,0.0375550191679682,0.0579268292682927,0.0927789202415751
0.0380952380952381,0.0142857142857143,0.0094419991480903,0.0213414634146341,0.0197711267293108
0.714285714285714,0.267857142857143,0.177481179894931,0.481707317073171,0.354974776273098
0.0380952380952381,0.0142857142857143,0.020303847792134,0.0762195121951219,0.0852413928350847
0.19047619047619,0.25,0.25457901462445,0.222560975609756,0.323943936125813
0.238095238095238,0.196428571428571,0.130200198778929,0.268292682926829,0.236396360421926
0.0952380952380952,0.142857142857143,0.094419991480903,0.0396341463414634,0.0640872682110677
0.238095238095238,0.196428571428571,0.130200198778929,0.0304878048780488,0.0825897592583894
0.019047619047619,0.0321428571428571,0.0212977424393014,0.0365853658536585,0.0342920402228558
0.142857142857143,0.196428571428571,0.130200198778929,0.0182926829268293,0.0783464302191779
0.19047619047619,0.25,0.25457901462445,0.146341463414634,0.285142101622974
0.571428571428571,0.446428571428571,0.449666356666193,0.192073170731707,0.451637426977422
0.019047619047619,0.0321428571428571,0.0212977424393014,0.0152439024390244,0.0211505895433198
0.0285714285714286,0.0392857142857143,0.0260542382507454,0.0426829268292683,0.0337308216678555
0.333333333333333,0.410714285714286,0.27204315632543,0.23780487804878,0.330572429963863
0.00952380952380952,0.00357142857142857,0.00965497657248332,0.0121951219512195,0.0169803667463698
0.00952380952380952,0.025,0.0164702541530598,0.0487804878048781,0.0331318767995663
0.0285714285714286,0.0107142857142857,0.0450092290217237,0.0182926829268293,0.0433528737883147
0.571428571428571,0.214285714285714,0.141700979696152,0.588414634146341,0.39905276263537
0.857142857142857,0.660714285714286,0.437526622178049,0.86280487804878,0.741745584567603
0.0285714285714286,0.0678571428571429,0.0735482038903876,0.0670731707317073,0.129980805140236
0,0,0.00582138293340906,0.00914634146341463,0.0131780003225331
0.571428571428571,0.214285714285714,0.218798800227176,0.588414634146341,0.428078074382869
0.0952380952380952,0.0892857142857143,0.094845946329689,0.13109756097561,0.167965552246682
0.0952380952380952,0.142857142857143,0.148090302427943,0.13109756097561,0.208148024347377
0.0285714285714286,0.0107142857142857,0.00709924747976715,0.0670731707317073,0.0774951751707601
0.0285714285714286,0.0392857142857143,0.0260542382507454,0.0182926829268293,0.0275904435617268
0.0952380952380952,0.0892857142857143,0.0592787164560556,0.0396341463414634,0.0465692630050557
1,0.375,0.2484026764163,0.329268292682927,0.373683590089331
0.857142857142857,1,1,0.283536585365854,0.895041664451901
0.333333333333333,0.125,0.0829192105636802,0.115853658536585,0.139415392342802
0.0380952380952381,0.0464285714285714,0.0522504614510862,0.0762195121951219,0.113159602504797
0.00952380952380952,0.0464285714285714,0.0522504614510862,0.0487804878048781,0.0644904939018984
0.0380952380952381,0.0785714285714286,0.0841970751100383,0.0762195121951219,0.138552335456421
0.428571428571429,0.339285714285714,0.22476216811018,0.451219512195122,0.360721359264545
0.333333333333333,0.267857142857143,0.177481179894931,0.0426829268292683,0.112492275642936
0.0285714285714286,0.0678571428571429,0.0445832741729377,0.00365853658536585,0.0345738261116963
0.238095238095238,0.196428571428571,0.201334658526196,0.0853658536585366,0.217375101263679
0.0380952380952381,0.0142857142857143,0.0094419991480903,0.0048780487804878,0.0124788356865667
0.0380952380952381,0.0785714285714286,0.0522504614510862,0.0762195121951219,0.108044976939592
0.428571428571429,0.160714285714286,0.165554444128922,0.451219512195122,0.323236519116727
0.19047619047619,0.160714285714286,0.106559704671305,0.0701219512195122,0.138268185615742
0.714285714285714,0.553571428571428,0.366605132755928,0.481707317073171,0.491815178248609
0.571428571428571,0.214285714285714,0.218798800227176,0.0731707317073171,0.25623823321455
0.857142857142857,1,1,0.283536585365854,0.896437673160238
0.571428571428571,0.214285714285714,0.141700979696152,0.192073170731707,0.228323556856992
0.714285714285714,0.267857142857143,0.27204315632543,0.481707317073171,0.434295088624231
0.019047619047619,0.00714285714285714,0.00468550333664631,0.0024390243902439,0.00376817448382804
0.857142857142857,0.660714285714286,0.437526622178049,0.283536585365854,0.492666404528735
0.19047619047619,0.0714285714285714,0.0471390032656538,0.146341463414634,0.13647488809592
0.857142857142857,0.660714285714286,0.437526622178049,0.86280487804878,0.740653831906177
0.00952380952380952,0.00357142857142857,0.00965497657248332,0.0487804878048781,0.0296761449459874
0.19047619047619,0.0714285714285714,0.0471390032656538,0.0701219512195122,0.102339657110675
0,0,0.0237114865824223,0.00914634146341463,0.025641509819598
1,0.375,0.378531868521937,0.128048780487805,0.420262290862607
0,0.0357142857142857,0.0234985091580293,0.0396341463414634,0.0302090644625676
0.333333333333333,0.125,0.130200198778929,0.23780487804878,0.235721959743682
0,0,0,0.0396341463414634,0.0172314986055669
0.142857142857143,0.196428571428571,0.201334658526196,0.115853658536585,0.218884248942822
0.00952380952380952,0.025,0.0735482038903876,0.0304878048780488,0.075454277335353
0.571428571428571,0.446428571428571,0.295683664631549,0.588414634146341,0.476181250793333
0.857142857142857,0.321428571428571,0.325287512423683,0.86280487804878,0.678431762254415
0.333333333333333,0.267857142857143,0.27204315632543,0.359756097560976,0.388684394177232
0.0285714285714286,0.0392857142857143,0.0450092290217237,0.0182926829268293,0.037783141512055
0,0.0357142857142857,0.0234985091580293,0,0.00737835964057157
0.238095238095238,0.303571428571429,0.201121674002556,0.176829268292683,0.256472858676869
0.142857142857143,0.0535714285714286,0.0356382223484311,0.0182926829268293,0.0313680477963831
0.0952380952380952,0.0892857142857143,0.094845946329689,0.0853658536585366,0.141700349871663
0.0285714285714286,0.0392857142857143,0.0260542382507454,0.0182926829268293,0.0271506646908139
0.238095238095238,0.196428571428571,0.130200198778929,0.176829268292683,0.205317176103656
0.0285714285714286,0.0107142857142857,0.00709924747976715,0.0426829268292683,0.0241052359994359
0.714285714285714,0.839285714285714,0.840266931705239,0.23780487804878,0.754943620944182
0,0.0357142857142857,0.094845946329689,0.0396341463414634,0.076942210639519
0.714285714285714,0.267857142857143,0.27204315632543,0.481707317073171,0.438834347765866
0.571428571428571,0.214285714285714,0.218798800227176,0.192073170731707,0.303689403411222
0.019047619047619,0.00714285714285714,0.00468550333664631,0.0152439024390244,0.0107091147250177
0.00952380952380952,0.025,0.0735482038903876,0.0304878048780488,0.0600785718262476
0,0.0178571428571429,0.0237114865824223,0.00914634146341463,0.021492507056961
0.00952380952380952,0.00357142857142857,0.00241374414312083,0.0487804878048781,0.0204184121135961
0.00952380952380952,0.00357142857142857,0.00965497657248332,0.0304878048780488,0.0222470862611115
0.0285714285714286,0.0678571428571429,0.0735482038903876,0.0182926829268293,0.0557774715769891
0.428571428571429,0.517857142857143,0.520800795115718,0.298780487804878,0.532847725190345
0.0285714285714286,0.0678571428571429,0.0735482038903876,0.0426829268292683,0.077820588173968
1,0.767857142857143,0.508448118699418,0.664634146341463,0.676107901977779
0.19047619047619,0.25,0.25457901462445,0.146341463414634,0.285142101622974
0.714285714285714,0.553571428571428,0.366605132755928,0.23780487804878,0.392838108808761
0.333333333333333,0.125,0.130200198778929,0.23780487804878,0.230142789463396
0.428571428571429,0.339285714285714,0.22476216811018,0.146341463414634,0.271240188741537
0.857142857142857,0.321428571428571,0.325287512423683,0.109756097560976,0.357093486796128
0.571428571428571,0.678571428571428,0.449666356666193,0.390243902439024,0.531424601070146
1,0.375,0.378531868521937,0.329268292682927,0.502839093306864
0.571428571428571,0.678571428571428,0.449666356666193,0.588414634146341,0.59605072567714
0.19047619047619,0.0714285714285714,0.0769558426806758,0.024390243902439,0.0565957174866375
0.238095238095238,0.303571428571429,0.201121674002556,0.0853658536585366,0.205742803568914
0.19047619047619,0.160714285714286,0.165554444128922,0.222560975609756,0.246623251255485
0.019047619047619,0.00714285714285714,0.0379809740167542,0.0579268292682927,0.104513785621071
0.0952380952380952,0.0892857142857143,0.0592787164560556,0.0121951219512195,0.0390093302870536
0.428571428571429,0.339285714285714,0.22476216811018,0.0548780487804878,0.190082955411202
0.238095238095238,0.196428571428571,0.201334658526196,0.176829268292683,0.268528423540041
0.857142857142857,0.660714285714286,0.437526622178049,0.573170731707317,0.589591976196712
0.00952380952380952,0.0464285714285714,0.0522504614510862,0.0304878048780488,0.0434177189326469
0.019047619047619,0.00714285714285714,0.0379809740167542,0.0152439024390244,0.0355418109796579
0.333333333333333,0.267857142857143,0.27204315632543,0.115853658536585,0.277776714949223
0.0285714285714286,0.0392857142857143,0.101874201334659,0.00365853658536585,0.0726729463958232
0.19047619047619,0.160714285714286,0.106559704671305,0.146341463414634,0.176219930893394
0.333333333333333,0.267857142857143,0.177481179894931,0.23780487804878,0.257184996397559
0.019047619047619,0.0321428571428571,0.0212977424393014,0.0579268292682927,0.0790833229369758
0.19047619047619,0.0714285714285714,0.0769558426806758,0.024390243902439,0.0578348774599146
0.142857142857143,0.125,0.130200198778929,0.115853658536585,0.179010696181963
0.0380952380952381,0.0785714285714286,0.0841970751100383,0.0213414634146341,0.0640000141002358
0.019047619047619,0.00714285714285714,0.00468550333664631,0.0152439024390244,0.0127228953800212
0,0,0.0237114865824223,0.00914634146341463,0.0254528645764247
0.333333333333333,0.125,0.0829192105636802,0.0426829268292683,0.0855797733815833
0.238095238095238,0.303571428571429,0.201121674002556,0.0853658536585366,0.206213234700928
0.142857142857143,0.196428571428571,0.201334658526196,0.0548780487804878,0.165838594891966
0.19047619047619,0.0714285714285714,0.0769558426806758,0.146341463414634,0.162768400474323
0.571428571428571,0.214285714285714,0.218798800227176,0.0731707317073171,0.255397571028426
0.19047619047619,0.25,0.165341473803777,0.146341463414634,0.227383874682439
0.142857142857143,0.0535714285714286,0.0590657390316626,0.0548780487804878,0.0555864695740501
0.142857142857143,0.0535714285714286,0.0590657390316626,0.0182926829268293,0.0489025575128283
0.00952380952380952,0.025,0.0309527190117848,0.0121951219512195,0.0265729415074774
0.333333333333333,0.125,0.0829192105636802,0.23780487804878,0.191640447261329
0.0285714285714286,0.0107142857142857,0.0450092290217237,0.0670731707317073,0.112550046852983
0.0285714285714286,0.0392857142857143,0.0260542382507454,0.0426829268292683,0.039206229553986
0.0285714285714286,0.0392857142857143,0.101874201334659,0.0426829268292683,0.105551336344969
0.00952380952380952,0.025,0.0164702541530598,0.00121951219512195,0.00579964079986438
0.0380952380952381,0.0464285714285714,0.0305267641629987,0.0762195121951219,0.0913416843310737
0.238095238095238,0.0892857142857143,0.0592787164560556,0.0853658536585366,0.116169665415543
0.0380952380952381,0.0464285714285714,0.0522504614510862,0.0762195121951219,0.114061562138953
0.238095238095238,0.0892857142857143,0.0592787164560556,0.268292682926829,0.194384048468388
0.333333333333333,0.410714285714286,0.414312082919211,0.359756097560976,0.499754736754407
0,0.0357142857142857,0.0234985091580293,0.024390243902439,0.0268087471771727
0.428571428571429,0.160714285714286,0.165554444128922,0.298780487804878,0.300172352651295
0.238095238095238,0.303571428571429,0.201121674002556,0.176829268292683,0.259596103592955
0,0.0178571428571429,0.0119977282408065,0.024390243902439,0.0194692957079065
0.019047619047619,0.0571428571428571,0.0628993326707369,0.0152439024390244,0.0463228428968476
0.019047619047619,0.0321428571428571,0.0377679965923612,0.0152439024390244,0.0325494365596132
0.0285714285714286,0.0392857142857143,0.0260542382507454,0.0670731707317073,0.0851800811208101
0.333333333333333,0.125,0.130200198778929,0.23780487804878,0.232766127538756
0.238095238095238,0.0892857142857143,0.094845946329689,0.268292682926829,0.208313091145832
0.238095238095238,0.303571428571429,0.307823370722703,0.176829268292683,0.32751757788841
0.333333333333333,0.125,0.0829192105636802,0.23780487804878,0.189015928978592
0.0380952380952381,0.0142857142857143,0.0522504614510862,0.0762195121951219,0.126268046049912
0.571428571428571,0.446428571428571,0.295683664631549,0.0731707317073171,0.289775688809725
0.0380952380952381,0.0142857142857143,0.0522504614510862,0.0762195121951219,0.123439558220945
0.0380952380952381,0.0785714285714286,0.0841970751100383,0.0487804878048781,0.0875735071354805
1,0.767857142857143,0.508448118699418,0.128048780487805,0.484950849854669
1,0.375,0.2484026764163,0.664634146341463,0.488957185942639
0.238095238095238,0.0892857142857143,0.094845946329689,0.268292682926829,0.211250040386437
0.00952380952380952,0.0464285714285714,0.0305267641629987,0.0121951219512195,0.0252630391258746
0.0285714285714286,0.0392857142857143,0.101874201334659,0.0426829268292683,0.0840022328618076
0.238095238095238,0.196428571428571,0.130200198778929,0.268292682926829,0.231622475817973
0,0,0,0.0396341463414634,0.0200104692482459
0,0,0,0,0.000838289273669621
0.0285714285714286,0.0107142857142857,0.00709924747976715,0.0426829268292683,0.0286173761921243
0.857142857142857,0.660714285714286,0.437526622178049,0.86280487804878,0.742442408714395
0.857142857142857,0.321428571428571,0.325287512423683,0.86280487804878,0.673574200004223
1,0.767857142857143,0.508448118699418,0.664634146341463,0.676063112695168
0.019047619047619,0.00714285714285714,0.00468550333664631,0.0579268292682927,0.0695343734037901
0,0.0357142857142857,0.0234985091580293,0.0396341463414634,0.0304967477333043
0.142857142857143,0.0535714285714286,0.0356382223484311,0.0548780487804878,0.0406269572990662
0.00952380952380952,0.00357142857142857,0.00965497657248332,0.0121951219512195,0.0171666534612348
0.019047619047619,0.0571428571428571,0.0375550191679682,0.0365853658536585,0.0388973247161993
0.00952380952380952,0.025,0.0309527190117848,0.0487804878048781,0.0415241997587021
0.0952380952380952,0.142857142857143,0.148090302427943,0.0396341463414634,0.0931526702236939
0.00952380952380952,0.0464285714285714,0.0305267641629987,0.0121951219512195,0.0247654890449147
0.142857142857143,0.0535714285714286,0.0356382223484311,0.115853658536585,0.105349719903517
0,0,0.0237114865824223,0,0.0112196342357137
0.142857142857143,0.196428571428571,0.201334658526196,0.0548780487804878,0.128410331362673
0.0285714285714286,0.0678571428571429,0.0735482038903876,0.0426829268292683,0.0639587509377072
0.0285714285714286,0.0392857142857143,0.101874201334659,0.00365853658536585,0.0384858450016094
0.0380952380952381,0.0464285714285714,0.0522504614510862,0.0487804878048781,0.0676891984008293
0.428571428571429,0.339285714285714,0.22476216811018,0.451219512195122,0.360553946435482
0.019047619047619,0.0321428571428571,0.0377679965923612,0.0365853658536585,0.0423695610802116
0.0952380952380952,0.0892857142857143,0.0592787164560556,0.0396341463414634,0.0454432888100096
0.0952380952380952,0.0892857142857143,0.0592787164560556,0.0853658536585366,0.10688127654916
0.428571428571429,0.160714285714286,0.165554444128922,0.451219512195122,0.327356037210037
0.142857142857143,0.125,0.0829192105636802,0.115853658536585,0.136823875888858
0.019047619047619,0.0321428571428571,0.0212977424393014,0.0365853658536585,0.0279465088260355
0,0.0357142857142857,0.094845946329689,0.00914634146341463,0.0697407033647735
0.00952380952380952,0.00357142857142857,0.00241374414312083,0.00121951219512195,0.00116252206950066
0.714285714285714,0.839285714285714,0.840266931705239,0.725609756097561,0.965171456603899
0.0285714285714286,0.0107142857142857,0.0450092290217237,0.0426829268292683,0.0652309199318509
0.0952380952380952,0.142857142857143,0.094419991480903,0.0121951219512195,0.057801861246975
0.714285714285714,0.267857142857143,0.27204315632543,0.725609756097561,0.508447710409668
0,0,0.00582138293340906,0,0.00510165531014928
0.428571428571429,0.160714285714286,0.106559704671305,0.146341463414634,0.190970752792641
0,0.0357142857142857,0.0234985091580293,0.0396341463414634,0.0359403196138721
0.0285714285714286,0.0392857142857143,0.0450092290217237,0.00365853658536585,0.0166773556354915
0,0.0178571428571429,0.0237114865824223,0.024390243902439,0.0271518448981907
0.19047619047619,0.25,0.25457901462445,0.222560975609756,0.323943936125813
0.19047619047619,0.0714285714285714,0.0471390032656538,0.0701219512195122,0.0982071641640985
0.238095238095238,0.196428571428571,0.201334658526196,0.176829268292683,0.267429560983965
0,0.0357142857142857,0.094845946329689,0.0396341463414634,0.0976259040136194
0.0285714285714286,0.0392857142857143,0.0450092290217237,0.00365853658536585,0.0333169815385119
0.00952380952380952,0.025,0.0735482038903876,0.0121951219512195,0.0545017619607149
0.0380952380952381,0.0142857142857143,0.0094419991480903,0.0487804878048781,0.0331578155411356
0.0285714285714286,0.0392857142857143,0.0450092290217237,0.0426829268292683,0.0570673288260281
0.857142857142857,0.660714285714286,0.437526622178049,0.573170731707317,0.592769480586909
0.714285714285714,0.267857142857143,0.177481179894931,0.481707317073171,0.353160264260396
0.571428571428571,0.678571428571428,0.680533863410478,0.588414634146341,0.795259309453623
0.0285714285714286,0.0107142857142857,0.0450092290217237,0.0182926829268293,0.045126129830561
0,0.0357142857142857,0.094845946329689,0,0.0341187229377269
0.00952380952380952,0.0464285714285714,0.0305267641629987,0.0304878048780488,0.0347047001448226
0,0.0357142857142857,0.0416015902314355,0.0396341463414634,0.0517569877383523
0.00952380952380952,0.0464285714285714,0.0305267641629987,0.0487804878048781,0.0449539927528089
0.857142857142857,0.321428571428571,0.325287512423683,0.109756097560976,0.356394331002875
0.333333333333333,0.125,0.130200198778929,0.359756097560976,0.269837156443425
0,0,0,0.0396341463414634,0.01857677042279
0,0.0357142857142857,0.094845946329689,0.00914634146341463,0.0699034098663775
0.0380952380952381,0.0464285714285714,0.11614368876899,0.0048780487804878,0.044514213881896
0.019047619047619,0.0571428571428571,0.0375550191679682,0.0024390243902439,0.0283662426822875
0.142857142857143,0.125,0.0829192105636802,0.0548780487804878,0.0787520162068595
0.142857142857143,0.125,0.0829192105636802,0.0182926829268293,0.0543980069944376
1,0.375,0.378531868521937,1,0.804988653625405
0.0380952380952381,0.0464285714285714,0.0305267641629987,0.0487804878048781,0.0469724886958865
0.0285714285714286,0.0678571428571429,0.0445832741729377,0.0426829268292683,0.0477176354374435
0.714285714285714,0.267857142857143,0.177481179894931,0.23780487804878,0.281467079457194
0.333333333333333,0.267857142857143,0.177481179894931,0.115853658536585,0.20718357279157
0.19047619047619,0.0714285714285714,0.0769558426806758,0.222560975609756,0.176913200151813
0.142857142857143,0.0535714285714286,0.0356382223484311,0.0548780487804878,0.0490522964711416
0.333333333333333,0.267857142857143,0.177481179894931,0.0426829268292683,0.152174833592929
0.00952380952380952,0.00357142857142857,0.00965497657248332,0.00121951219512195,0.0121404550221653
0.00952380952380952,0.025,0.0309527190117848,0.0121951219512195,0.0269891383965868
0,0.0357142857142857,0.0416015902314355,0.0396341463414634,0.0443161379446718
0.714285714285714,0.553571428571428,0.366605132755928,0.0914634146341463,0.34185454539207
0.428571428571429,0.339285714285714,0.22476216811018,0.451219512195122,0.36598809846906
0,0,0,0,0
0.0285714285714286,0.0392857142857143,0.101874201334659,0.0182926829268293,0.0771450071704448
0,0,0,0.024390243902439,0.0117808510221715
0.019047619047619,0.00714285714285714,0.0130626153627715,0.0579268292682927,0.0752420537653641
0.019047619047619,0.00714285714285714,0.0130626153627715,0.0365853658536585,0.0300876247784801
0.00952380952380952,0.00357142857142857,0.0309527190117848,0.00121951219512195,0.0285089040513276
0,0,0.0237114865824223,0,0.0103848819291866
0.571428571428571,0.446428571428571,0.449666356666193,0.390243902439024,0.543300951384196
0.142857142857143,0.125,0.0829192105636802,0.115853658536585,0.134100323351449
0.0380952380952381,0.0464285714285714,0.11614368876899,0.0213414634146341,0.0879354697816855
0.714285714285714,0.839285714285714,0.840266931705239,0.481707317073171,0.827918394706421
0,0.0178571428571429,0.0237114865824223,0.024390243902439,0.028380390432955
0.714285714285714,0.267857142857143,0.27204315632543,0.23780487804878,0.362505244129449
0.571428571428571,0.678571428571428,0.449666356666193,0.588414634146341,0.59514642013028
1,0.767857142857143,0.508448118699418,0.664634146341463,0.691004936715257
0.019047619047619,0.0321428571428571,0.0876047139003266,0.0365853658536585,0.0728108979003197
0.0952380952380952,0.0892857142857143,0.094845946329689,0.0853658536585366,0.141126149153421
0.0285714285714286,0.0678571428571429,0.0735482038903876,0.0426829268292683,0.0776378401947881
1,0.375,0.2484026764163,0.128048780487805,0.306095790012916
0.428571428571429,0.160714285714286,0.106559704671305,0.146341463414634,0.18817056046501
0.0285714285714286,0.0678571428571429,0.0735482038903876,0.0182926829268293,0.0569847954268007
0.00952380952380952,0.025,0.0164702541530598,0.0121951219512195,0.017077046245625
0.00952380952380952,0.0464285714285714,0.0305267641629987,0.0121951219512195,0.0248397684203829
0.428571428571429,0.339285714285714,0.22476216811018,0.146341463414634,0.269693289753704
0.00952380952380952,0.00357142857142857,0.00965497657248332,0.0487804878048781,0.0274489587450756
0,0.0178571428571429,0.0592787164560556,0,0.019789991536595
0,0.0178571428571429,0.0119977282408065,0.00914634146341463,0.0145185550831395
1,0.767857142857143,0.508448118699418,0.329268292682927,0.551436246988684
0.714285714285714,0.839285714285714,0.555729078517677,0.23780487804878,0.52084282164257
0.019047619047619,0.0571428571428571,0.0375550191679682,0.0365853658536585,0.0483260145368687
0.857142857142857,0.660714285714286,0.662643781059208,0.283536585365854,0.649069235665746
0,0,0.0237114865824223,0.024390243902439,0.0310343843065011
0.0952380952380952,0.142857142857143,0.094419991480903,0.0396341463414634,0.0633491954037959
0.428571428571429,0.517857142857143,0.342964652846798,0.451219512195122,0.452197465442948
0.019047619047619,0.00714285714285714,0.00468550333664631,0.0365853658536585,0.0233034946002209
0.428571428571429,0.160714285714286,0.106559704671305,0.298780487804878,0.2370542675547
0.019047619047619,0.0321428571428571,0.0212977424393014,0.0365853658536585,0.0310296672498845
0.0380952380952381,0.0464285714285714,0.0305267641629987,0.0213414634146341,0.0285277689765146
0.19047619047619,0.25,0.165341473803777,0.222560975609756,0.239829704885224
0.00952380952380952,0.025,0.0164702541530598,0.0304878048780488,0.0243775913121283
0.0285714285714286,0.0678571428571429,0.0445832741729377,0.0182926829268293,0.03558897140618
0.333333333333333,0.267857142857143,0.177481179894931,0.359756097560976,0.299143063261132
0,0.0357142857142857,0.0234985091580293,0.00914634146341463,0.0204856175547791
0.019047619047619,0.00714285714285714,0.00468550333664631,0.0152439024390244,0.0110262735865635
0.571428571428571,0.214285714285714,0.141700979696152,0.0731707317073171,0.188447643681379
0.0285714285714286,0.0107142857142857,0.00709924747976715,0.00365853658536585,0.00548366108456984
0.333333333333333,0.410714285714286,0.414312082919211,0.115853658536585,0.385344197669577
0.428571428571429,0.160714285714286,0.165554444128922,0.298780487804878,0.287922259665102
0.0952380952380952,0.142857142857143,0.094419991480903,0.0853658536585366,0.137079730228203
0.0285714285714286,0.0678571428571429,0.0445832741729377,0.0670731707317073,0.0996231783896471
0.0380952380952381,0.0142857142857143,0.0522504614510862,0.0213414634146341,0.0510118409967953
0,0.0178571428571429,0.0592787164560556,0.00914634146341463,0.0451638596809349
0.857142857142857,0.321428571428571,0.325287512423683,0.283536585365854,0.432609072308671
0.571428571428571,0.214285714285714,0.141700979696152,0.390243902439024,0.294712294299428
0.0952380952380952,0.142857142857143,0.148090302427943,0.0853658536585366,0.171655916754653
0.0380952380952381,0.0464285714285714,0.11614368876899,0.0487804878048781,0.119672553922753
1,0.375,0.378531868521937,0.664634146341463,0.608250099811352
0.333333333333333,0.410714285714286,0.414312082919211,0.359756097560976,0.498791479790123
0.0285714285714286,0.0107142857142857,0.0164702541530598,0.0182926829268293,0.0258384055494453
0.238095238095238,0.303571428571429,0.201121674002556,0.0853658536585366,0.205601325944336
0,0.0357142857142857,0.0234985091580293,0,0.00738543357485676
0.333333333333333,0.267857142857143,0.177481179894931,0.0426829268292683,0.150586685944616
0.142857142857143,0.0535714285714286,0.0590657390316626,0.0548780487804878,0.0729853917378375
0.142857142857143,0.0535714285714286,0.0590657390316626,0.176829268292683,0.152501426803514
0.00952380952380952,0.0464285714285714,0.11614368876899,0.0304878048780488,0.0877597957367908
0.428571428571429,0.160714285714286,0.106559704671305,0.0548780487804878,0.10395021384339
0.333333333333333,0.410714285714286,0.27204315632543,0.23780487804878,0.328689525228431
0.0380952380952381,0.0464285714285714,0.11614368876899,0.0048780487804878,0.0836555982915498
0.714285714285714,0.267857142857143,0.177481179894931,0.0914634146341463,0.224387959640264
0.0285714285714286,0.0392857142857143,0.0260542382507454,0.0426829268292683,0.0386827407314568
0.19047619047619,0.0714285714285714,0.0471390032656538,0.222560975609756,0.165632264930982
0.0285714285714286,0.0107142857142857,0.0450092290217237,0.0426829268292683,0.0653452894545439
0.019047619047619,0.00714285714285714,0.0130626153627715,0.0152439024390244,0.0212696706990989
0.142857142857143,0.196428571428571,0.130200198778929,0.115853658536585,0.171767918670519
0.00952380952380952,0.00357142857142857,0.00241374414312083,0.0487804878048781,0.0226479551921765
0.238095238095238,0.303571428571429,0.307823370722703,0.0853658536585366,0.291298984239536
0.333333333333333,0.125,0.0829192105636802,0.0426829268292683,0.0838477805018656
0.019047619047619,0.00714285714285714,0.0130626153627715,0.0152439024390244,0.0204089814195451
0.00952380952380952,0.0464285714285714,0.11614368876899,0.0304878048780488,0.11134861673008
0.428571428571429,0.517857142857143,0.342964652846798,0.451219512195122,0.450777910713172
0.333333333333333,0.267857142857143,0.27204315632543,0.23780487804878,0.342808389701437
0.00952380952380952,0.025,0.0164702541530598,0.0121951219512195,0.0172362157800864
0.0380952380952381,0.0142857142857143,0.0094419991480903,0.0213414634146341,0.0199998584647209
0.0380952380952381,0.0785714285714286,0.0522504614510862,0.0762195121951219,0.108044976939592
0.428571428571429,0.339285714285714,0.343177623171944,0.451219512195122,0.482166028637519
0.857142857142857,0.660714285714286,0.437526622178049,0.109756097560976,0.40538413908945
0.0380952380952381,0.0785714285714286,0.0522504614510862,0.0487804878048781,0.0631452185475904
0.333333333333333,0.125,0.130200198778929,0.115853658536585,0.193121299321234
0.571428571428571,0.446428571428571,0.449666356666193,0.192073170731707,0.451837856019424
0.019047619047619,0.00714285714285714,0.0379809740167542,0.0024390243902439,0.0158555727587005
0.0380952380952381,0.0142857142857143,0.020303847792134,0.0762195121951219,0.0861740010753531
0.428571428571429,0.339285714285714,0.22476216811018,0.0548780487804878,0.141785236375669
0.019047619047619,0.0571428571428571,0.0375550191679682,0.0024390243902439,0.0137922731488667
0.00952380952380952,0.025,0.0309527190117848,0.0487804878048781,0.0459278713476788
0.0285714285714286,0.0107142857142857,0.0450092290217237,0.0426829268292683,0.0530739603992523
0.142857142857143,0.196428571428571,0.130200198778929,0.115853658536585,0.171303388457486
0.714285714285714,0.553571428571428,0.5561550688627,0.725609756097561,0.791249461629717
0.00952380952380952,0.0464285714285714,0.0305267641629987,0.0304878048780488,0.0412093975390192
0.00952380952380952,0.00357142857142857,0.00241374414312083,0.0304878048780488,0.0157188049986659
0.714285714285714,0.553571428571428,0.366605132755928,0.23780487804878,0.401373082289876
0.333333333333333,0.267857142857143,0.177481179894931,0.115853658536585,0.205529406983621
0.571428571428571,0.214285714285714,0.218798800227176,0.192073170731707,0.297945180834529
0.238095238095238,0.0892857142857143,0.0592787164560556,0.176829268292683,0.1526676594252
0.19047619047619,0.160714285714286,0.106559704671305,0.0701219512195122,0.137045533807886
0.333333333333333,0.410714285714286,0.414312082919211,0.23780487804878,0.428160600590023
0.0952380952380952,0.0357142857142857,0.0234985091580293,0.13109756097561,0.119209203917097
0.428571428571429,0.160714285714286,0.106559704671305,0.451219512195122,0.295396107750491
0.857142857142857,0.321428571428571,0.325287512423683,0.86280487804878,0.676145667670615
0.0952380952380952,0.0892857142857143,0.0592787164560556,0.0853658536585366,0.106995646071853
0.428571428571429,0.339285714285714,0.343177623171944,0.146341463414634,0.357052238017746
0.142857142857143,0.0535714285714286,0.0590657390316626,0.176829268292683,0.151018199944709
