0.345006860801951,0.775654635527247,0.742174629324547,0.815340909090909,0.780383795309168,0.791599353796446,0.808528428093645,0.0307478998450371,0.029012634534394,0.0687063875469672,0.730813953488372,0.0576972833117723,0.0641049671977508,0.02587428230557,0.125181674565561,0.664036076662909
0.625888092697057,0.651804670912951,0.819604612850083,0.522727272727273,0.498223169864961,0.739095315024233,0.787625418060201,0.0702498436777859,0.0549836218998596,0.00644122383252812,0.467441860465116,0.0921086675291074,0.0899718837863168,0.0735217358884497,0.106603475513428,0.449830890642615
0.0997103216953803,0.266100495399858,0.252883031301483,0.2734375,0.26865671641791,0.262520193861066,0.288461538461538,0.440121795394612,0.334113242863828,0.269457863660762,0.250581395348837,0.576972833117723,0.565510777881912,0.46584892998285,0.474249605055292,0.246335963923337
0.974691263912182,0.491861288039632,0.556013179571664,0.424005681818182,0.4136460554371,0.568659127625202,0.62123745819398,0.176521762770845,0.12400561534862,0.119699409554482,0.342441860465116,0.240491591203105,0.250984067478913,0.186115875027962,0.359494470774092,0.322435174746336
0.139320018295472,0.0983722576079264,0.192751235584843,0.0916193181818182,0.0888415067519545,0.14297253634895,0.211538461538462,0.473697088328848,0.387459054749649,0.41760601180891,0.063953488372093,0.70620957309185,0.709840674789128,0.465140556259787,0.581169036334913,0.0631341600901916
0.326574172892209,0.625619249823071,0.803953871499176,0.714488636363636,0.674484719260839,0.576736672051696,0.577759197324415,0.00538292145828235,0.00561534861956014,0.133118625872249,0.854651162790698,0,0,0.00555514130191633,0.000315955766192733,0.688838782412627
0.122091782283885,0.198159943382873,0.135914332784185,0.170454545454545,0.1727078891258,0.186591276252019,0.202341137123746,0.697006769431531,0.661207299953205,0.952227589908749,0.137209302325581,0.91888745148771,0.79493908153702,0.692826783983297,0.671469194312796,0.133032694475761
0.158911419423692,0.234961075725407,0.249588138385502,0.2265625,0.222459132906894,0.264135702746365,0.302675585284281,0.445912513933067,0.352831071595695,0.280193236714976,0.188372093023256,0.598576972833118,0.581818181818182,0.464954142122138,0.489036334913112,0.18489289740699
0.876505564872694,0.368011323425336,0.522240527182867,0.327414772727273,0.32409381663113,0.431340872374798,0.49247491638796,0.184378653182176,0.128919045390735,0.143317230273752,0.293604651162791,0.254204398447607,0.266166822867854,0.193647006188949,0.365687203791469,0.257046223224352
0.156151852416527,0.265392781316348,0.28830313014827,0.219460227272727,0.218905472636816,0.283521809369952,0.316053511705686,0.317211755430498,0.222742161909219,0.332259796027912,0.212209302325581,0.494178525226391,0.536269915651359,0.331071508463202,0.487330173775671,0.20011273957159
0.777191645067846,0.62137296532201,0.663097199341021,0.559659090909091,0.553660270078181,0.674474959612278,0.707357859531773,0.148193458934834,0.111839026672906,0.087493290391841,0.507558139534884,0.209055627425615,0.211996251171509,0.150585340392215,0.324549763033175,0.466178128523112
0.391873761244092,0.200283085633404,0.292421746293245,0.2109375,0.198294243070362,0.182552504038772,0.211538461538462,0.245194791071963,0.165418811417876,0.314546430488459,0.204651162790698,0.388357050452781,0.426241799437676,0.252665722168369,0.455860979462875,0.162908680947012
0.672251867662753,0.508846426043878,0.595551894563427,0.452414772727273,0.454157782515991,0.569466882067851,0.609531772575251,0.106027240844956,0.0870379036031821,0.0676328502415459,0.388372093023256,0.170504527813713,0.178444236176195,0.0980538364029527,0.319684044233807,0.355129650507328
0.231940844640951,0.338995046001415,0.274299835255354,0.344460227272727,0.348969438521677,0.304523424878837,0.306020066889632,0.396786559008238,0.268834815161441,0.279656468062265,0.340697674418605,0.524320827943079,0.542080599812559,0.426888375214376,0.445687203791469,0.311161217587373
0.226604665345327,0.176220806794055,0.121087314662273,0.165482954545455,0.161336176261549,0.155088852988691,0.160535117056856,0.95745317130196,0.928404305100608,0.698872785829307,0.134883720930233,0.939586028460544,0.612558575445174,0.942472597121766,0.989320695102686,0.131905298759865
0.403079737764903,0.614295824486907,0.883031301482702,0.560369318181818,0.53589196872779,0.693053311793215,0.722408026755853,0.048283174292472,0.0374356574637342,0.0268384326355341,0.555813953488372,0.0670116429495472,0.0708528584817245,0.0477593020654686,0.105781990521327,0.475197294250282
0.249016618386949,0.208775654635527,0.121087314662273,0.193892045454545,0.191186922530206,0.175282714054927,0.17809364548495,0.998613489927412,0.976836686944314,0.720880300590445,0.151162790697674,0.978783958602846,0.630365510777882,0.992953545596898,0.979083728278041,0.195039458850056
0.632962341820399,0.343241330502477,0.419275123558484,0.318181818181818,0.319118692253021,0.376413570274637,0.418060200668896,0.211483565777669,0.145999064108563,0.205582393988191,0.281976744186047,0.302587322121604,0.322774133083412,0.221273581388412,0.402022116903633,0.2728297632469
0.176505564872694,0.228591648973815,0.250411861614497,0.214488636363636,0.211087420042644,0.255250403877221,0.298494983277592,0.447135905173586,0.35353299017314,0.261943102522813,0.177906976744186,0.594695989650711,0.576007497656982,0.465438818880024,0.497187993680885,0.170236753100338
0.227595670071657,0.392781316348195,0.335255354200989,0.362926136363636,0.361762615493959,0.398222940226171,0.404682274247492,0.416877361824756,0.292232101076275,0.274288781535158,0.312790697674419,0.5496765847348,0.560449859418932,0.441876071881292,0.46565560821485,0.302142051860203
0.272922701631346,0.267515923566879,0.343492586490939,0.207386363636364,0.203269367448472,0.306946688206785,0.328595317725753,0.28752412799391,0.191857744501638,0.36983360171766,0.223255813953488,0.469728331177232,0.52464854732896,0.298001640444411,0.499968404423381,0.215332581736189
0.111587132184784,0.176220806794055,0.171334431630972,0.125,0.120824449182658,0.193053311793215,0.22742474916388,0.575918223092189,0.558727187646233,0.857756307031669,0.0825581395348837,0.997671410090556,0.990065604498594,0.526358959063455,0.649605055292259,0.0777903043968433
0.204238450983381,0.239207360226469,0.257825370675453,0.207386363636364,0.205401563610519,0.268982229402262,0.316053511705686,0.450452654758992,0.3591483387927,0.293612453032743,0.202325581395349,0.621474773609314,0.607497656982193,0.462940869435538,0.515007898894155,0.165163472378805
0.69361183107181,0.484076433121019,0.56507413509061,0.436789772727273,0.439943141435679,0.546849757673667,0.595317725752508,0.123589701764402,0.0982686008423023,0.0778314546430488,0.388372093023256,0.185252263906856,0.192689784442362,0.115427634031765,0.322338072669826,0.351183765501691
0.225202012501906,0.171974522292994,0.0675453047775947,0.160511363636364,0.158493248045487,0.141357027463651,0.147993311036789,0.785879346437213,0.728591483387927,0.900697799248524,0.158139534883721,0.890168175937904,0.700093720712277,0.784356125568563,0.754439178515008,0.143179255918827
0.182634547949382,0.283085633404105,0.338550247116969,0.200284090909091,0.193319118692253,0.319063004846527,0.353678929765886,0.303509773536688,0.21268132896584,0.335480407944176,0.234302325581395,0.476584734799483,0.519775070290534,0.316344791588994,0.481516587677725,0.264937993235626
0.132931849367282,0.0268931351733899,0.0848434925864909,0.0234375,0.0213219616204691,0.031502423263328,0.092809364548495,0.509012315471821,0.464670098268601,0.707461084272679,0.00872093023255813,0.886545924967659,0.907778819119025,0.468160465289688,0.64783570300158,0.00338218714768884
0.109528891599329,0.207360226468507,0.152388797364086,0.178977272727273,0.177683013503909,0.198707592891761,0.214046822742475,0.694695919310551,0.658633598502574,0.995705850778314,0.147093023255814,0.937128072445019,0.823055295220244,0.68839012750727,0.665466034755134,0.132468996617813
0.12129897850282,0.181882519462137,0.125205930807249,0.167613636363636,0.167022032693674,0.170436187399031,0.187290969899666,0.689530489628361,0.637108095460926,0.975308641975309,0.137209302325581,0.944113842173351,0.851358950328023,0.673663410633062,0.647898894154818,0.129086809470124
0.427458454032627,0.671620665251239,0.949752883031302,0.600852272727273,0.585643212508884,0.725363489499192,0.774247491638796,0.0461898159475845,0.0367337388862892,0.0214707461084273,0.648255813953488,0.0645536869340233,0.0674789128397376,0.0449630900007457,0.106161137440758,0.553551296505073
0.132916603140723,0.0955414012738854,0.191927512355848,0.0823863636363637,0.0838663823738451,0.139741518578352,0.211538461538462,0.474322377185113,0.386757136172204,0.418142780461621,0.0779069767441861,0.706985769728331,0.711340206185567,0.46484229363955,0.577440758293839,0.0614430665163472
0.12514102759567,0.183297947629158,0.129324546952224,0.166193181818182,0.157782515991471,0.167205169628433,0.182274247491639,0.703314030938205,0.66331305568554,0.939345142243693,0.147674418604651,0.909702457956016,0.780131208997188,0.696592349563791,0.676334913112164,0.129650507328072
0.0601463637749656,0.200990799716914,0.119439868204283,0.1953125,0.1954513148543,0.17124394184168,0.183110367892977,0.657885436206944,0.616050538137576,0.881374127750939,0.167441860465116,0.990297542043984,0.932521087160262,0.630303482216091,0.587235387045814,0.156708004509583
0.0748894648574477,0.302901627742392,0.290774299835255,0.311079545454545,0.311300639658849,0.291599353796446,0.320234113712375,0.439115895930185,0.328029948525971,0.280193236714976,0.295348837209302,0.572574385510996,0.563636363636364,0.463350980538364,0.472227488151659,0.2728297632469
0.0712761091629821,0.230714791224345,0.210873146622735,0.170454545454545,0.171286425017768,0.254442649434572,0.287625418060201,0.587934643721284,0.576977070659803,0.848631239935588,0.111046511627907,0.99379042690815,0.972446110590441,0.547871150548057,0.628120063191153,0.113866967305524
0.230187528586675,0.372965322009908,0.309719934102142,0.364346590909091,0.361762615493959,0.365105008077544,0.370401337792642,0.414702444063834,0.290594291062237,0.279656468062265,0.313372093023256,0.551358344113842,0.564198687910028,0.440533890090224,0.46565560821485,0.29706877113867
0.132413477664278,0.282377919320594,0.304777594728171,0.235085227272727,0.23454157782516,0.298061389337641,0.331103678929766,0.321398472120273,0.224847917641554,0.344068706387547,0.230232558139535,0.498318240620957,0.54058106841612,0.336701215420177,0.488025276461295,0.208568207440812
0.0503887787772525,0.0106157112526539,0.111202635914333,0.0170454545454546,0.015636105188344,0.0210016155088853,0.0911371237458194,0.48816029143898,0.419981282171268,0.538915727321524,0.0133720930232558,0.782535575679172,0.791190253045923,0.461076728059056,0.623127962085308,0.00338218714768884
0.25767647507242,0.29723991507431,0.401153212520593,0.296164772727273,0.213930348258706,0.359450726978998,0.395484949832776,0.303482587064677,0.206832007487132,0.411701556629093,0.262209302325581,0.497542043984476,0.553701968134958,0.317649690552531,0.489415481832543,0.2423900789177
0.281216648879402,0.116065109695683,0.0354200988467875,0.113636363636364,0.113717128642502,0.0702746365105008,0.0693979933110368,0.917869668053177,0.863125877398222,0.771336553945249,0.112790697674419,0.934282018111255,0.657357075913777,0.911751547237342,0.938515007898894,0.103720405862458
0.245830157036133,0.104033970276009,0.0164744645799012,0.1171875,0.118692253020611,0.0274636510500808,0.0183946488294314,0.933882500067966,0.826158165652784,0.821792807300053,0.105813953488372,0.920957309184994,0.667478912839738,0.919357244053389,0.900600315955766,0.13641488162345
0.174752248818417,0.343241330502477,0.28830313014827,0.3515625,0.34683724235963,0.334410339256866,0.346153846153846,0.428540358317701,0.305802526906879,0.26731078904992,0.306976744186047,0.555886157826649,0.554264292408622,0.451979718141824,0.468878357030016,0.28184892897407
0.38223814605885,0.208775654635527,0.237232289950577,0.213778409090909,0.210376687988628,0.197899838449111,0.219063545150502,0.274229943180273,0.177117454375292,0.465915190552872,0.368604651162791,0.464941785252264,0.532708528584817,0.284840802326448,0.489731437598736,0.2423900789177
0.771108400670834,0.642604387827318,0.674629324546952,0.5234375,0.522388059701492,0.735056542810985,0.770903010033445,0.1474050512465,0.110669162377164,0.0944712828770799,0.487790697674419,0.210090556274256,0.214807872539831,0.148758481843263,0.330489731437599,0.467869222096956
0.875529806372922,0.338287331917905,0.485996705107084,0.309659090909091,0.307036247334755,0.394184168012924,0.441471571906354,0.186716689775168,0.130790828263921,0.143853998926463,0.284302325581395,0.258861578266494,0.27066541705717,0.19666691521885,0.370236966824645,0.245772266065389
0.281369111144992,0.142250530785563,0.0955518945634267,0.138494318181818,0.132906894100924,0.127625201938611,0.13628762541806,0.931680395835032,0.884417407580721,0.733225979602791,0.108720930232558,0.931694695989651,0.635238987816307,0.925173365148013,0.963222748815166,0.11217587373168
0.101966763226101,0.100495399858457,0.168039538714992,0.109375,0.104477611940299,0.110662358642973,0.173913043478261,0.468912269254819,0.379503977538606,0.338164251207729,0.0976744186046512,0.665976714100906,0.658481724461106,0.464394899709194,0.547361769352291,0.102029312288613
0.460192102454642,0.254069355980184,0.339373970345964,0.244318181818182,0.242359630419332,0.255250403877221,0.274247491638796,0.234374575211375,0.159569489939167,0.288781535158347,0.233139534883721,0.364165588615783,0.397375820056232,0.245880247557975,0.440315955766193,0.211950394588501
0.189144686690044,0.200990799716914,0.119439868204283,0.167613636363636,0.159914712153518,0.189822294022617,0.203177257525084,0.756082973112579,0.704960224613945,0.920558239398819,0.149418604651163,0.888227684346701,0.716401124648547,0.755872045335918,0.725371248025276,0.143742953776776
0.668790974233877,0.501061571125265,0.567545304777595,0.449573863636364,0.44633972992182,0.566235864297254,0.614548494983278,0.118777696218362,0.0942910622367806,0.0719269994632312,0.38546511627907,0.18098318240621,0.189690721649485,0.111065543210797,0.319620853080569,0.360202931228861
0.623372465314834,0.334041047416844,0.350906095551895,0.311079545454545,0.315565031982942,0.347334410339257,0.374581939799331,0.221787238670038,0.146934955545157,0.209339774557166,0.31046511627907,0.307632600258732,0.329522024367385,0.22977406606517,0.405876777251185,0.270011273957159
0.0817045281292879,0.0092002830856334,0.115321252059308,0.015625,0.0142146410803127,0.0250403877221325,0.100334448160535,0.488785580295245,0.42115114646701,0.550187869028449,0.0244186046511628,0.789133247089263,0.79962511715089,0.462866303780479,0.625781990521327,0.00281848928974069
0.120368958682726,0.0148619957537155,0.0766062602965403,0.0149147727272727,0.0127931769722815,0.0121163166397415,0.0735785953177257,0.507652991871245,0.463734206832008,0.707461084272679,0.00697674418604652,0.883441138421734,0.904779756326148,0.466296323913206,0.64739336492891,0.00112739571589628
0.832459216343955,0.576079263977353,0.634266886326194,0.528409090909091,0.520255863539446,0.643780290791599,0.676421404682274,0.156784384090477,0.114412728123538,0.0917874396135265,0.415697674418605,0.213065976714101,0.218369259606373,0.162366713891581,0.323096366508689,0.420518602029312
0.493017228236011,0.75796178343949,0.881383855024712,0.666903409090909,0.695095948827292,0.795638126009693,0.80685618729097,0.0588587119049561,0.0439868975198877,0.0268384326355341,0.668023255813953,0.0800776196636481,0.0841611996251172,0.0617776452166132,0.106350710900474,0.610484780157835
0.682695532855618,0.356687898089172,0.467874794069193,0.317471590909091,0.318407960199005,0.424878836833603,0.472408026755853,0.199874942228747,0.141553579784745,0.190016103059581,0.28953488372093,0.291849935316947,0.309278350515464,0.211430914920588,0.395450236966825,0.271702367531003
0.744381765513035,0.64755838641189,0.672981878088962,0.521306818181818,0.513859275053305,0.750403877221325,0.794314381270903,0.146317592366039,0.109265325222274,0.0831991411701557,0.468023255813954,0.206856403622251,0.211433926897844,0.14801282529267,0.3313112164297,0.472942502818489
0.221207501143467,0.371549893842888,0.347611202635914,0.311079545454545,0.308457711442786,0.384491114701131,0.408026755852843,0.340129951336215,0.238418343472157,0.341921631776704,0.309883720930233,0.522121604139715,0.560074976569822,0.357393184699128,0.49086887835703,0.292559188275085
0.329425217258728,0.168435951875442,0.0370675453047776,0.166193181818182,0.167022032693674,0.113085621970921,0.112040133779264,0.851724981649131,0.781001403837155,0.837895866881374,0.158139534883721,0.897024579560155,0.668041237113402,0.849526508090373,0.831532385466035,0.143179255918827
0.605122732123799,0.439490445859873,0.509884678747941,0.411221590909091,0.411513859275053,0.473344103392569,0.514214046822743,0.0930864801674686,0.0781469349555452,0.059044551798175,0.340697674418605,0.155239327296248,0.164761012183693,0.0850048467675788,0.321011058451817,0.315670800450958
0.826055801189205,0.592356687898089,0.633443163097199,0.536931818181818,0.533049040511727,0.659935379644588,0.69314381270903,0.155044449881739,0.114880673841834,0.074074074074074,0.484883720930233,0.208667529107374,0.211433926897844,0.160055178584744,0.322843601895735,0.441375422773393
0.206433907607867,0.173389950460014,0.0881383855024711,0.1640625,0.162046908315565,0.151050080775444,0.163879598662207,0.737297120952614,0.687880205896116,0.936124530327429,0.137209302325581,0.899482535575679,0.746954076850984,0.728133621653866,0.703507109004739,0.127959413754228
0.174889464857448,0.218683651804671,0.245469522240527,0.208096590909091,0.200426439232409,0.247980613893376,0.290133779264214,0.450534214175026,0.353065044454843,0.274288781535158,0.177906976744186,0.601681759379043,0.586316776007498,0.468570576392514,0.498009478672986,0.16065388951522
0.0213447171824972,0.18825194621373,0.109555189456343,0.196732954545455,0.194029850746269,0.159127625201939,0.168896321070234,0.655085229589756,0.615582592419279,0.867954911433172,0.172674418604651,0.992626131953428,0.936269915651359,0.630713593318917,0.584202211690363,0.15445321307779
0.691065711236469,0.601556970983723,0.607907742998352,0.519886363636364,0.517412935323383,0.686591276252019,0.737458193979933,0.140037517331376,0.105287786616752,0.0912506709608159,0.441860465116279,0.201811125485123,0.210121836925961,0.137834613377078,0.33390205371248,0.436865839909808
0.127107790821771,0.0375088464260439,0.0831960461285008,0.0276988636363636,0.0262970859985785,0.0411954765751211,0.0994983277591974,0.508033602479406,0.467243799719233,0.718196457326892,0.0122093023255814,0.892496765847348,0.914339268978444,0.469278950115577,0.648404423380727,0.00450958286358512
0.607318188748285,0.573248407643312,0.749588138385503,0.421164772727273,0.399431414356788,0.659127625201939,0.699832775919732,0.0725606937987657,0.0552175947590079,0.015029522275899,0.423837209302326,0.0958602846054333,0.0957825679475164,0.0771008873312952,0.107298578199052,0.392333709131905
0.133282512578137,0.0884642604387827,0.173805601317957,0.0767045454545455,0.0724946695095949,0.140549273021002,0.211538461538462,0.476143870809885,0.397285914833879,0.469135802469136,0.0546511627906977,0.739068564036223,0.749015932521087,0.460293788680933,0.601137440758294,0.0473506200676437
0.116496417136759,0.337579617834395,0.307248764415157,0.330255681818182,0.326936744847193,0.34248788368336,0.368729096989967,0.432509583231384,0.321010762751521,0.293612453032743,0.313953488372093,0.574385510996119,0.569634489222118,0.457423010961151,0.472480252764613,0.294813979706877
0.398475377344107,0.197452229299363,0.294892915980231,0.176846590909091,0.176972281449893,0.211631663974152,0.237458193979933,0.252834189707202,0.167992512868507,0.331186258722491,0.175581395348837,0.398706338939198,0.440674789128397,0.257288792782045,0.463570300157978,0.15445321307779
0.0819179753011128,0.246992215145081,0.252883031301483,0.252130681818182,0.247334754797441,0.258481421647819,0.286789297658863,0.440312100698692,0.345577912962096,0.257112184648416,0.267441860465116,0.58098318240621,0.562136832239925,0.461971515919767,0.476840442338073,0.211386696730552
0.231056563500533,0.344656758669497,0.274299835255354,0.362926136363636,0.361051883439943,0.309369951534733,0.308528428093646,0.400130495065655,0.268600842302293,0.28395061728395,0.345348837209302,0.526131953428202,0.545079662605436,0.430914920587577,0.447898894154818,0.313416009019166
0.0662448543985363,0.181174805378627,0.0790774299835255,0.181107954545455,0.181236673773987,0.134087237479806,0.139632107023411,0.667835684963162,0.621899859616284,0.885131508319914,0.168604651162791,0.9751617076326,0.908153701968135,0.643128774886287,0.599178515007899,0.153889515219842
0.225095288915993,0.358811040339703,0.332784184514003,0.325994318181818,0.327647476901208,0.361066235864297,0.377090301003344,0.340619307832423,0.241459990641086,0.336553945249597,0.307558139534884,0.521474773609314,0.557638238050609,0.359518305868317,0.486003159557662,0.288049605411499
0.526894343649947,0.258315640481246,0.28830313014827,0.261363636363636,0.25728500355366,0.237479806138934,0.255016722408027,0.228529483728897,0.153252222742162,0.249597423510467,0.263372093023256,0.333505821474774,0.360824742268041,0.240287823428529,0.416050552922591,0.232243517474634
0.267418813843574,0.179051663128096,0.0411861614497529,0.186789772727273,0.183368869936034,0.130856219709208,0.129598662207358,0.810292798303564,0.749181094992981,0.922705314009662,0.15,0.904269081500647,0.705154639175258,0.803519498918798,0.772954186413902,0.163472378804961
0.339457234334502,0.721160651096957,0.812191103789127,0.791903409090909,0.773276474769012,0.623586429725364,0.627090301003345,0.00595383737052439,0.00491343004211514,0.14170692431562,0.900581395348837,0.00181112548512287,0.00299906279287727,0.00637536350756842,0.000821484992101113,0.783540022547914
0.578304619606647,0.411181882519462,0.544481054365733,0.3828125,0.380952380952381,0.466882067851373,0.505852842809365,0.082891553163146,0.0666822648572766,0.0407944176060118,0.324418604651163,0.126908150064683,0.134582942830366,0.0823204831854448,0.244739336492891,0.298759864712514
0.434197286171672,0.231422505307856,0.337726523887974,0.225852272727273,0.225302061122957,0.22859450726979,0.247491638795987,0.238398173069081,0.161675245671502,0.311862587224906,0.233139534883721,0.376455368693402,0.412183692596064,0.248900156587876,0.444296998420221,0.20011273957159
0.228861106876048,0.392781316348195,0.468698517298188,0.390625,0.375977256574272,0.411954765751212,0.440635451505017,0.00690536389092784,0.0116986429574169,0.169082125603865,0.355813953488372,0.0177231565329883,0.0181818181818183,0.00279621206472299,0.0073301737756714,0.317361894024803
0.414544900137216,0.230007077140835,0.322075782537068,0.2265625,0.22316986496091,0.226171243941842,0.244983277591973,0.241388684990349,0.163781001403837,0.312936124530327,0.201162790697674,0.382923673997413,0.418931583880037,0.249198419208113,0.450363349131122,0.18489289740699
0.262326574172892,0.310686482661005,0.341021416803954,0.25,0.250177683013504,0.348949919224556,0.377926421404682,0.296033493733518,0.199812821712681,0.33870101986044,0.231976744186046,0.471539456662355,0.51883786316776,0.30747147863694,0.491690363349131,0.216459977452086
0.0903033999085224,0.0665251238499646,0.14827018121911,0.0653409090909091,0.0561478322672352,0.10016155088853,0.171404682274247,0.482478318788571,0.403135236312588,0.490069779924852,0.0587209302325582,0.749288486416559,0.7572633552015,0.463388263365894,0.60739336492891,0.0405862457722661
0.39559384052447,0.211606510969568,0.308072487644152,0.208096590909091,0.20682302771855,0.198707592891761,0.225752508361204,0.243672348639317,0.164248947122134,0.317230273752013,0.200581395348837,0.387063389391979,0.425304592314902,0.251211691894713,0.45434439178515,0.171927846674183
0.891416374447324,0.426751592356688,0.546128500823723,0.360085227272727,0.358208955223881,0.516962843295638,0.57190635451505,0.167223989342903,0.11979410388395,0.105743424584004,0.312209302325581,0.226261319534282,0.234301780693533,0.175527552009544,0.346919431279621,0.281285231116122
0.272175636529959,0.292993630573248,0.316309719934102,0.245028409090909,0.252309879175551,0.326332794830372,0.354515050167224,0.294837288965011,0.198408984557791,0.353730542136339,0.226744186046512,0.476067270375162,0.526148078725398,0.306315710983521,0.492638230647709,0.204622322435175
0.157752706205214,0.101910828025478,0.127677100494234,0.0589488636363636,0.0575692963752665,0.123586429725364,0.168896321070234,0.558029524508605,0.532054281703322,0.881374127750939,0.0366279069767442,0.987063389391979,1,0.505219595854149,0.662875197472354,0.0349492671927847
0.131346241805153,0.172682236376504,0.0889621087314662,0.153409090909091,0.152096659559346,0.145395799676898,0.158026755852843,0.716254791615692,0.675713617220402,0.95330112721417,0.137209302325581,0.903234152652005,0.76232427366448,0.71426440981284,0.691627172195893,0.138669673055242
0.224317731361488,0.171266808209483,0.0609555189456343,0.176846590909091,0.175550817341862,0.134894991922456,0.137123745819398,0.800668787211484,0.738886289190454,0.889425657541599,0.153488372093023,0.885252263906857,0.685848172446111,0.794571620311684,0.765118483412322,0.14543404735062
0.320201250190578,0.209483368719038,0.215815485996705,0.212357954545455,0.203269367448472,0.20032310177706,0.220735785953177,0.274393062012343,0.182498830135704,0.372517444981213,0.194767441860465,0.452134540750323,0.508716026241799,0.282268287226903,0.491879936808847,0.179819616685457
0.238039335264522,0.178343949044586,0.0799011532125206,0.171164772727273,0.1727078891258,0.155088852988691,0.16304347826087,0.777940896609847,0.721338324754328,0.94524959742351,0.158720930232558,0.895084087968952,0.712277413308341,0.779397509507121,0.7426224328594,0.141488162344983
0.132062814453423,0.0254777070063694,0.0387149917627677,0.0220170454545455,0.0191897654584222,0.00807754442649439,0.0468227424749164,0.529184677704374,0.491810949929808,0.806226516371444,0.00988372093023255,0.940232858990945,0.96269915651359,0.486056222503915,0.654407582938389,0.00394588500563697
0.110626619911572,0.126680820948337,0.0370675453047776,0.151278409090909,0.149253731343284,0.068659127625202,0.0861204013377927,0.684011635810021,0.62400561534862,0.924852388620505,0.129651162790698,0.952005174644243,0.874226804123711,0.665051077473716,0.625150078988942,0.124013528748591
0.764247598719317,0.633404104741685,0.649917627677101,0.563210227272727,0.565742714996446,0.687399030694669,0.720735785953177,0.15096647908001,0.113242863827796,0.0815888352120235,0.502325581395349,0.209055627425615,0.211621368322399,0.153381552456938,0.322338072669826,0.470687711386697
0.184951974386339,0.0276008492569002,0.107907742998353,0.0213068181818182,0.0163468372423596,0.0492730210016155,0.115384615384615,0.501073865644455,0.445952269536734,0.610842726784756,0.0168604651162791,0.840103492884864,0.856607310215558,0.465177839087316,0.640252764612954,0.00338218714768884
0.234319255984144,0.205944798301486,0.125205930807249,0.181107954545455,0.174840085287847,0.193053311793215,0.204849498327759,0.75877443384172,0.700514740290126,0.899624261943102,0.159883720930233,0.88111254851229,0.710590440487348,0.752292893893073,0.721074249605055,0.143742953776776
0.917365452050617,0.445859872611465,0.555189456342669,0.388494318181818,0.383084577114428,0.530694668820679,0.58695652173913,0.177989832259468,0.12540945250351,0.12614063338701,0.325,0.245148771021992,0.256232427366448,0.188874804265155,0.360695102685624,0.312288613303269
0.209101997255679,0.191082802547771,0.111202635914333,0.169744318181818,0.169864960909737,0.178513731825525,0.191471571906355,0.739472038713536,0.691389798783341,0.940418679549114,0.13546511627907,0.89379042690815,0.735895032802249,0.733875177093431,0.712290679304897,0.130777903043968
0.143558469278853,0.0233545647558386,0.0329489291598023,0.0163352272727273,0.0163468372423596,0.00646203554119548,0.0459866220735786,0.526901014055406,0.495320542817033,0.801932367149758,0.011046511627907,0.943337645536869,0.964761012183693,0.484266646782492,0.654281200631912,0.00450958286358512
0.628098795548102,0.326256192498231,0.355848434925865,0.310369318181818,0.309168443496802,0.336025848142165,0.362040133779264,0.223717478182856,0.145999064108563,0.222222222222222,0.388953488372093,0.309573091849935,0.333270852858482,0.231414510476474,0.406382306477093,0.271138669673055
0.184647049855161,0.0410474168435952,0.130148270181219,0.0340909090909091,0.0284292821606254,0.0783521809369951,0.148829431438127,0.497539624282957,0.441038839494619,0.613526570048309,0.00988372093023255,0.839327296248383,0.859231490159325,0.465587950190142,0.639368088467615,0.0101465614430665
0.100198200945266,0.174805378627035,0.183690280065898,0.129971590909091,0.119402985074627,0.197092084006462,0.234113712374582,0.575129815403855,0.555217594759008,0.861513687600644,0.0837209302325581,0.997671410090556,0.993439550140581,0.522295130862725,0.651058451816746,0.0834272829763247
0.171047415764598,0.452229299363057,0.35337726523888,0.414772727272727,0.417910447761194,0.430533117932149,0.439799331103679,0.363401571378082,0.254328497894244,0.304884594739667,0.379651162790698,0.520310478654592,0.548641049671978,0.387517709343077,0.455545023696682,0.361894024802706
0.413706357676475,0.949752300070772,0.835255354200988,0.948863636363637,0.989339019189765,0.88529886914378,0.867056856187291,0.0353696000869967,0.030416471689284,0.0477724100912505,0.931976744186047,0.0540750323415265,0.057357075913777,0.0310938781597196,0.119684044233807,0.865839909808343
0.132870864461046,0.165605095541401,0.191927512355848,0.168323863636364,0.164889836531628,0.172859450726979,0.224080267558528,0.460729141179349,0.370846981750117,0.302200751476114,0.13546511627907,0.640750323415265,0.627366447985005,0.462605323987771,0.532195892575039,0.123449830890643
0.808568379326117,0.468506723283793,0.581548599670511,0.420454545454545,0.416488983653163,0.537964458804523,0.588628762541806,0.162683848516978,0.117922321010763,0.0891035963499731,0.384302325581395,0.216558861578266,0.22174320524836,0.16978599656998,0.328530805687204,0.339909808342728
0.205900289678305,0.457183297947629,0.380560131795717,0.428977272727273,0.426439232409382,0.439418416801292,0.438963210702341,0.367860152787973,0.256668226485728,0.279656468062265,0.404651162790698,0.511254851228978,0.533833177132146,0.392998284989934,0.446319115323855,0.385005636978579
0.304512883061442,0.282377919320594,0.313838550247117,0.234375,0.238805970149254,0.31421647819063,0.345317725752508,0.293994508332654,0.198876930276088,0.347826086956522,0.225581395348837,0.474126778783959,0.522586691658857,0.304227872641861,0.493838862559242,0.202367531003382
0.606159475529806,0.56829440905874,0.747116968698517,0.419034090909091,0.401563610518834,0.651857835218094,0.690635451505017,0.0726694396868118,0.0570893776321947,0.0166398282340311,0.423255813953488,0.0987063389391979,0.0987816307403937,0.0764670792632913,0.10780410742496,0.401916572717024
0.540112822076536,0.799716914366596,0.86161449752883,0.762073863636364,0.755508173418621,0.838449111470113,0.850334448160535,0.0616045455781203,0.0453907346747777,0.0209339774557165,0.705232558139535,0.0822768434670116,0.0864104967197751,0.063977332040862,0.106982622432859,0.657271702367531
0.116374447324287,0.202406227883935,0.147446457990115,0.177556818181818,0.173418621179815,0.190630048465267,0.206521739130435,0.697632058287796,0.659569489939167,0.973698336017176,0.133720930232558,0.928201811125485,0.809372071227741,0.691037208261875,0.668436018957346,0.133032694475761
0.39815520658637,0.222222222222222,0.322075782537068,0.215198863636364,0.214641080312722,0.21486268174475,0.241638795986622,0.243699535111329,0.163547028544689,0.311862587224906,0.203488372093023,0.384217335058215,0.42136832239925,0.251025277757065,0.452195892575039,0.179819616685457
0.624454947400518,0.478414720452937,0.542833607907743,0.455965909090909,0.439943141435679,0.515347334410339,0.554347826086957,0.0984965880977625,0.0809546092653252,0.0606548577563069,0.351162790697674,0.161578266494179,0.169821930646673,0.0900380284840802,0.325687203791469,0.348928974069899
0.107699344412258,0.266808209483369,0.190280065897858,0.224431818181818,0.220326936744847,0.266558966074313,0.275919732441472,0.604273713400212,0.590313523631259,0.847020933977456,0.179651162790698,0.991591203104786,0.959325210871603,0.577809261054358,0.596461295418641,0.168545659526494
0.382634547949382,0.180467091295117,0.28830313014827,0.171164772727273,0.16773276474769,0.189014539579968,0.213210702341137,0.251773917298752,0.170098268600842,0.327965646806226,0.168023255813953,0.403234152652005,0.446672914714152,0.25669226754157,0.468941548183254,0.146561443066516
0.162601006250953,0.114649681528662,0.205107084019769,0.100142045454545,0.0952380952380952,0.175282714054927,0.236622073578595,0.476578854362069,0.390032756200281,0.450348899624262,0.0627906976744186,0.720569210866753,0.728772258669166,0.466147192603087,0.589952606635071,0.0676437429537767
0.472480561061137,0.24345364472753,0.277594728171334,0.2265625,0.237384506041222,0.230210016155089,0.244983277591973,0.230079112633554,0.155124005615349,0.259259259259259,0.236046511627907,0.338939197930142,0.36738519212746,0.241294459771829,0.421484992101106,0.20293122886133
0.0819637139807896,0.154989384288747,0.0510708401976936,0.159090909090909,0.15636105188344,0.0969305331179322,0.1061872909699,0.67153304515673,0.625175479644361,0.895330112721417,0.152325581395349,0.964424320827943,0.891096532333646,0.653008724181642,0.608909952606635,0.147688838782413
0.125689891751791,0.179051663128096,0.114497528830313,0.166193181818182,0.164179104477612,0.160743134087238,0.176421404682274,0.703884946850447,0.665652784277024,0.934514224369297,0.137209302325581,0.907503234152652,0.775445173383318,0.700544329281933,0.679178515007899,0.126832018038331
0.140112822076536,0.0240622788393489,0.0263591433278418,0.0262784090909091,0.023454157782516,0,0.0376254180602007,0.52910311828834,0.49578848853533,0.813741277509393,0.00290697674418606,0.947347994825356,0.970759137769447,0.486168070986504,0.65522906793049,0.00394588500563697
0.168028662905931,0.0566171266808209,0.152388797364086,0.0454545454545455,0.0433546552949538,0.101777059773829,0.169732441471572,0.4966968436506,0.435891436593355,0.612989801395598,0.0296511627906977,0.828848641655886,0.847985004686036,0.465065990604727,0.638420221169036,0.0535512965050733
0.433130050312548,0.824486907289455,0.841845140032949,0.765625,0.825870646766169,0.812600969305331,0.806020066889632,0.0383601120082647,0.0311183902667291,0.0493827160493827,0.944186046511628,0.059379042690815,0.0635426429240863,0.0343747669823279,0.116587677725118,0.81510710259301
0.0719164506784571,0.306440198159943,0.296540362438221,0.3125,0.312011371712864,0.30048465266559,0.331103678929766,0.438789658266047,0.327094057089378,0.27536231884058,0.297093023255814,0.570245795601552,0.560637300843487,0.462829020952949,0.471848341232227,0.276775648252537
0.585714285714286,0.426751592356688,0.520593080724877,0.397017045454545,0.399431414356788,0.463651050080775,0.494147157190635,0.0868335916048174,0.0720636406176884,0.0526033279656467,0.331976744186047,0.141655886157827,0.150702905342081,0.0835135336663932,0.294913112164297,0.31510710259301
0.194389388626315,0.184713375796178,0.0930807248764415,0.174005681818182,0.167022032693674,0.168012924071082,0.178929765886288,0.770953973302885,0.711979410388395,0.9447128287708,0.172093023255814,0.892238033635188,0.715276476101218,0.770039519797181,0.730679304897314,0.144306651634724
0.28650708949535,0.86482661004954,0.584843492586491,0.783380681818182,0.78820184790334,0.806138933764136,0.801839464882943,0.00524698909822471,0.00350959288722508,0.186258722490606,0.683720930232558,0.0102199223803363,0.0164948453608248,0.00529416150920883,0.00751974723538705,0.668545659526494
0.105473395334655,0.0856334041047417,0.180395387149918,0.0830965909090909,0.0817341862117981,0.126009693053312,0.187290969899666,0.472473697088329,0.384183434721572,0.4020397208803,0.0668604651162791,0.695730918499353,0.697282099343955,0.46480501081202,0.57086887835703,0.0586245772266065
0.706723585912487,0.624203821656051,0.625205930807249,0.517045454545455,0.504619758351102,0.7140549273021,0.767558528428094,0.141451213875975,0.105521759475901,0.0789049919484701,0.400581395348837,0.20025873221216,0.207497656982193,0.140407128476624,0.333838862559242,0.421645997745209
0.642399756060375,0.477707006369427,0.584843492586491,0.4296875,0.421464108031272,0.537156704361874,0.583612040133779,0.109588668678466,0.0891436593355171,0.0762211486849167,0.415116279069767,0.176326002587322,0.185567010309278,0.101185593915443,0.321895734597156,0.341600901916573
0.249977130660161,0.200283085633404,0.112850082372323,0.180397727272727,0.180525941719972,0.163166397415186,0.164715719063545,0.993448060245222,0.960458586803931,0.697262479871175,0.15,0.959508408796895,0.615745079662605,0.988964283051226,0.989194312796209,0.192784667418264
0.171337094069218,0.252653927813163,0.275947281713344,0.210227272727273,0.210376687988628,0.262520193861066,0.292642140468227,0.312046325748308,0.218530650444548,0.33064949006978,0.204651162790698,0.486416558861578,0.528772258669166,0.325628215643874,0.480947867298578,0.195603156708004
0.580195151699954,0.792639773531493,0.841845140032949,0.680397727272727,0.694385216773276,0.846526655896607,0.862040133779264,0.066742788788299,0.0507721104351895,0.0123456790123456,0.661627906976744,0.0874514877102199,0.0877225866916589,0.070911937961375,0.105971563981043,0.633596392333709
0.1409056258576,0.0212314225053078,0.0271828665568369,0.0198863636363637,0.0191897654584222,0,0.0409698996655519,0.524943588070576,0.490407112774918,0.798174986580784,0.00755813953488374,0.935963777490297,0.9572633552015,0.481805980165536,0.655924170616114,0.00338218714768884
0.238374752248818,0.181882519462137,0.086490939044481,0.177556818181818,0.176261549395878,0.160743134087238,0.167224080267559,0.774923198216568,0.7182966775854,0.938271604938272,0.150581395348837,0.890168175937904,0.707403936269916,0.774699873238386,0.742559241706161,0.142615558060879
0.125918585150175,0.179759377211606,0.112850082372323,0.166193181818182,0.164179104477612,0.161550888529887,0.177257525083612,0.702389690889813,0.666822648572766,0.93719806763285,0.137209302325581,0.909055627425615,0.777132146204311,0.701401834315114,0.681327014218009,0.126832018038331
0.585394114956548,0.687190375088464,0.836902800658978,0.560369318181818,0.555792466240227,0.777867528271406,0.812709030100334,0.0699236060136476,0.0533458118858213,0.00429414922168536,0.474418604651163,0.0890038809831823,0.0864104967197751,0.0737827156811572,0.105339652448657,0.463923337091319
0.0692026223509679,0.18895966029724,0.0930807248764415,0.175426136363636,0.182658137882018,0.151857835218094,0.159698996655518,0.665361716010113,0.619560131024801,0.872249060654858,0.17093023255814,0.972962483829237,0.906091846298032,0.639885168891209,0.597345971563981,0.15445321307779
0.154276566549779,0.0212314225053078,0.085667215815486,0.0205965909090909,0.015636105188344,0.0274636510500808,0.0903010033444816,0.503330342821412,0.455545156761816,0.643048845947397,0.0186046511627907,0.857438551099612,0.873664479850047,0.462307061367534,0.638230647709321,0.00507328072153325
0.692910504650099,0.353149327671621,0.464579901153213,0.321732954545455,0.320540156361052,0.416801292407108,0.462374581939799,0.200119620476851,0.142021525503042,0.193236714975845,0.300581395348837,0.294178525226391,0.312652296157451,0.212064722988591,0.397219589257504,0.273957158962796
0.261945418508919,0.37791932059448,0.306425041186162,0.377840909090909,0.375977256574272,0.34248788368336,0.341973244147157,0.386591632003915,0.265325222274216,0.282340311325818,0.357558139534884,0.518111254851229,0.533270852858482,0.416561031988666,0.435071090047393,0.327508455467869
0.122655892666565,0.233545647558386,0.247940691927512,0.225852272727273,0.22316986496091,0.256058158319871,0.295150501672241,0.449501128238589,0.351895180159102,0.255501878690284,0.192441860465116,0.589133247089263,0.568884723523899,0.471217657147118,0.486887835703002,0.18771138669673
0.568806220460436,0.399858457183298,0.534596375617792,0.370738636363636,0.371002132196162,0.449919224555735,0.483277591973244,0.0835440284914227,0.07042583060365,0.0509930220075148,0.326162790697675,0.13751617076326,0.14601686972821,0.0811647155320259,0.280379146919431,0.295941375422773
0.144061594755298,0.10828025477707,0.194398682042834,0.0958806818181818,0.0959488272921109,0.154281098546042,0.219063545150502,0.4771225838023,0.388394946186242,0.432635534084809,0.0709302325581395,0.714359637774903,0.720899718837863,0.468123182462158,0.583443917851501,0.0676437429537767
0.111388931239518,0.185421089879689,0.118616144975288,0.169744318181818,0.165600568585643,0.168820678513732,0.184782608695652,0.694097816926297,0.656995788488535,0.947933440687064,0.134883720930233,0.927813712807244,0.810684161199625,0.685780329580195,0.66565560821485,0.128523111612176
0.146836407989023,0.0247699929228592,0.0395387149917627,0.0248579545454546,0.0220326936744847,0.0105008077544426,0.0585284280936455,0.522224940869423,0.486195601310248,0.783145464304884,0.00697674418604652,0.928589909443726,0.949765698219307,0.481097606442473,0.654660347551343,0.00394588500563697
0.159475529806373,0.0920028308563341,0.194398682042834,0.0724431818181818,0.070362473347548,0.155896607431341,0.22742474916388,0.479460620395291,0.394712213383248,0.469672571121846,0.0354651162790698,0.73091849935317,0.740018744142456,0.466631869360972,0.595323854660348,0.0512965050732807
0.0824668394572342,0.0438782731776362,0.13509060955519,0.0397727272727273,0.0376687988628287,0.0726978998384491,0.147157190635451,0.481418046380121,0.405474964904071,0.484702093397746,0.022093023255814,0.750970245795602,0.757638238050609,0.460517485646111,0.609162717219589,0.0191657271702367
0.272633023326727,0.749469214437367,0.633443163097199,0.769886363636364,0.753375977256574,0.718901453957997,0.704013377926421,0.0215044993611179,0.0217594759007955,0.208803005904455,0.68546511627907,0.0386804657179819,0.0423617619493909,0.016665423905749,0.151026856240126,0.664036076662909
0.086476597042232,0.251946213729653,0.257001647446458,0.246448863636364,0.243781094527363,0.263327948303716,0.29180602006689,0.443003561427834,0.344408048666355,0.25228126677402,0.233720930232558,0.577749029754205,0.558200562324274,0.464730445156961,0.476208530805687,0.211386696730552
0.129623418203994,0.169851380042463,0.0782537067545305,0.1640625,0.158493248045487,0.135702746365105,0.146321070234114,0.712448685534078,0.674543752924661,0.957595276435856,0.154651162790698,0.905433376455369,0.766260543580131,0.709865036164343,0.689478672985782,0.137542277339346
0.430599176703766,0.223637650389243,0.324546952224053,0.220880681818182,0.217484008528785,0.213247172859451,0.229096989966555,0.24176929559851,0.16190921853065,0.310789049919485,0.212209302325581,0.377878395860285,0.413870665417057,0.250428752516591,0.446698262243286,0.188838782412627
0.158789449611221,0.261854210898797,0.285831960461285,0.218039772727273,0.216062544420753,0.27140549273021,0.301839464882943,0.315499007693772,0.22110435189518,0.335480407944176,0.212209302325581,0.490685640362225,0.532708528584817,0.32920736708672,0.485118483412322,0.198985343855693
0.279600548864156,0.827317763623496,0.538714991762768,0.745028409090909,0.759772565742715,0.77221324717286,0.756688963210702,0.00505668379414401,0.00304164716892843,0.186258722490606,0.698255813953488,0.0100905562742561,0.0164948453608248,0.00525687868167923,0.00834123222748816,0.64543404735062
0.33024851349291,0.888888888888889,0.758649093904448,0.879261363636364,0.857853589196873,0.789176090468498,0.755852842809365,0.00668787211483563,0.00467945718296678,0.176596886741814,0.777906976744186,0.00905562742561449,0.0138706654170572,0.00738199985086867,0.00461295418641391,0.786358511837655
0.0704223204756823,0.171266808209483,0.0708401976935749,0.189630681818182,0.189054726368159,0.118739903069467,0.127926421404682,0.670962129244488,0.622367805334581,0.877079978529254,0.171511627906977,0.970245795601552,0.901593252108716,0.648982178808441,0.601074249605055,0.153325817361894
0.338389998475377,0.13375796178344,0.0271828665568369,0.151278409090909,0.147121535181237,0.0605815831987076,0.0627090301003344,0.886605225239921,0.800187178287319,0.79549114331723,0.159883720930233,0.897542043984476,0.653795688847235,0.873462083364402,0.860157977883096,0.142615558060879
0.158728464704985,0.0495399858457183,0.14332784184514,0.0440340909090909,0.03909026297086,0.0888529886914378,0.156354515050167,0.497838675475084,0.436359382311652,0.620504562533548,0.00465116279069768,0.832212160413972,0.852671040299906,0.467750354186861,0.639747235387046,0.0394588500563698
0.588245159323068,0.401981599433829,0.502471169686985,0.388494318181818,0.37953091684435,0.432956381260097,0.474080267558528,0.0917815295109154,0.0772110435189518,0.0654857756307031,0.326744186046512,0.155109961190168,0.165510777881912,0.0849675639400492,0.316587677725118,0.29706877113867
0.136133556944656,0.0261854210898797,0.0378912685337726,0.0184659090909091,0.0170575692963753,0.0105008077544426,0.0526755852842809,0.525704809286899,0.493214787084698,0.791733762748255,0.0151162790697675,0.936869340232859,0.956701030927835,0.481172172097532,0.654976303317536,0.00450958286358512
0.224332977588047,0.333333333333333,0.267710049423394,0.352272727272727,0.351101634683724,0.296445880452342,0.301003344481605,0.398553679688987,0.271174543752925,0.277509393451422,0.328488372093023,0.527943078913325,0.546766635426429,0.428379688315562,0.451879936808847,0.304960541149944
0.181506327184022,0.358811040339703,0.298187808896211,0.365056818181818,0.358208955223881,0.347334410339257,0.3561872909699,0.425386727564364,0.304632662611137,0.271068169618894,0.315116279069767,0.558602846054334,0.559325210871603,0.449220788904631,0.468815165876777,0.294250281848929
0.156853178838237,0.0438782731776362,0.13509060955519,0.0348011363636364,0.0348258706467662,0.0848142164781906,0.155518394648829,0.495011282385885,0.439167056621432,0.608158883521202,0.00465116279069768,0.835446313065977,0.854920337394564,0.463090000745656,0.638230647709321,0.0180383314543405
0.136743406007013,0.292285916489738,0.339373970345964,0.217329545454545,0.216062544420753,0.322294022617124,0.352006688963211,0.30568469129761,0.215956948993917,0.331186258722491,0.229651162790698,0.477619663648124,0.51883786316776,0.316941316829468,0.48,0.256482525366404
0.27713066016161,0.275300778485492,0.346787479406919,0.223011363636364,0.213930348258706,0.315831987075929,0.336120401337793,0.286355109697415,0.191155825924193,0.368223295759527,0.220348837209302,0.467658473479948,0.522774133083411,0.296249347550518,0.500094786729858,0.215896279594137
0.174294862021649,0.442321302193914,0.345963756177924,0.413352272727273,0.414356787491116,0.425686591276252,0.430602006688963,0.364516216730555,0.252924660739354,0.304884594739667,0.372674418604651,0.519793014230272,0.549203373945642,0.388337931548729,0.456113744075829,0.355693348365276
0.412456167098643,0.228591648973815,0.322075782537068,0.216619318181818,0.219616204690832,0.220516962843296,0.237458193979933,0.241578990294429,0.162377164248947,0.312936124530327,0.206976744186047,0.379948253557568,0.416119962511715,0.249012005070465,0.448467614533965,0.186583990980834
0.206159475529806,0.368011323425336,0.316309719934102,0.360085227272727,0.356787491115849,0.362681744749596,0.373745819397993,0.41926977136177,0.295507721104352,0.265163714439077,0.311627906976744,0.548512289780078,0.555201499531397,0.444187607188129,0.465276461295419,0.291995490417136
0.218447934136301,0.37791932059448,0.333607907742998,0.363636363636364,0.358919687277896,0.374798061389338,0.38628762541806,0.417692955985102,0.293869911090314,0.258722490606549,0.31046511627907,0.545019404915912,0.552014995313964,0.443180970844829,0.46477093206951,0.295377677564825
0.763226101539869,0.343949044585987,0.467874794069193,0.294034090909091,0.298507462686567,0.410339256865913,0.459030100334448,0.199820569284724,0.140149742629855,0.220075147611379,0.296511627906977,0.296765847347995,0.317150890346767,0.210200581612109,0.392037914691943,0.268320180383315
0.223098033236774,0.171974522292994,0.0634266886326194,0.160511363636364,0.160625444207534,0.139741518578352,0.147157190635451,0.790038876654977,0.730463266261114,0.892109500805153,0.151162790697674,0.883182406209573,0.688659793814433,0.788979196182238,0.759620853080569,0.142051860202931
0.150297301417899,0.255484784147205,0.282537067545305,0.211647727272727,0.209665955934613,0.270597738287561,0.301839464882943,0.315933991245956,0.222040243331774,0.334406870638755,0.218023255813954,0.493272962483829,0.53552014995314,0.329580195362016,0.486445497630332,0.198985343855693
0.128388473852721,0.283793347487615,0.313838550247117,0.220880681818182,0.22316986496091,0.306138933764136,0.341137123745819,0.322893728080907,0.226485727655592,0.348899624261943,0.236627906976744,0.504657179818887,0.548641049671978,0.336738498247707,0.488088467614534,0.217023675310034
0.154642475987193,0.295116772823779,0.341845140032949,0.233664772727273,0.22316986496091,0.325525040387722,0.354515050167224,0.305032215969334,0.214787084698175,0.330112721417069,0.226162790697674,0.476584734799483,0.518275538894096,0.31675490269182,0.48044233807267,0.276775648252537
0.153910657112365,0.0360934182590233,0.0584843492586491,0.0269886363636364,0.0270078180525942,0.0323101777059774,0.0819397993311037,0.521871516733274,0.479176415535798,0.752012882447665,0.0133720930232558,0.915265200517464,0.93552014995314,0.479755424651406,0.650995260663507,0.00450958286358512
0.10368958682726,0.260438782731776,0.193574958813839,0.223721590909091,0.217484008528785,0.25767366720517,0.270066889632107,0.606122393496996,0.590781469349556,0.837359098228663,0.178488372093023,0.987968952134541,0.953701968134958,0.58071732160167,0.594123222748815,0.168545659526494
0.64232352492758,0.488322717622081,0.570840197693575,0.407670454545455,0.41862117981521,0.558966074313409,0.6061872909699,0.114074436560368,0.0919513336452972,0.0687063875469672,0.380232558139535,0.178007761966365,0.186691658856607,0.106479755424651,0.317093206951027,0.347237880496054
0.631315749352035,0.531493276716207,0.5667215815486,0.418323863636364,0.479033404406539,0.600969305331179,0.653010033444816,0.132017508087975,0.102246139447824,0.0810520665593129,0.402906976744186,0.19391979301423,0.201499531396439,0.125866825740064,0.333333333333333,0.382187147688839
0.632322000304924,0.472045293701345,0.579077429983526,0.423295454545455,0.415067519545131,0.541195476575121,0.587792642140468,0.111138297583123,0.0907814693495555,0.072463768115942,0.377906976744186,0.177619663648124,0.186504217432052,0.103012452464395,0.318988941548183,0.341037204058625
0.275072419576155,0.365180467091295,0.29159802306425,0.352982954545455,0.358208955223881,0.331179321486268,0.330267558528428,0.388848109180872,0.266495086569958,0.273752012882448,0.359883720930233,0.51875808538163,0.534582942830366,0.420624860189397,0.437725118483412,0.326381059751973
0.26590943741424,0.154281670205237,0.118616144975288,0.142755681818182,0.139303482587065,0.134087237479806,0.137123745819398,0.935214637196531,0.903603182030885,0.697799248523886,0.126162790697674,0.926261319534282,0.612183692596064,0.918947132950563,0.983443917851501,0.12739571589628
0.661411800579356,0.563340410474168,0.596375617792422,0.495028409090909,0.493958777540867,0.645395799676898,0.693979933110368,0.138596634314765,0.104819840898456,0.0880300590445517,0.413953488372093,0.198318240620957,0.205623242736645,0.134441876071881,0.332638230647709,0.406989853438557
0.113523402957768,0.184713375796178,0.168863261943987,0.136363636363636,0.132906894100924,0.197092084006462,0.228260869565217,0.577522224940869,0.561300889096865,0.857219538378959,0.0866279069767442,0.996119016817594,0.986316776007498,0.530758332711953,0.646192733017378,0.0941375422773394
0.271123646897393,0.121726822363765,0.042833607907743,0.127840909090909,0.122956645344705,0.0759289176090469,0.0735785953177257,0.912214881874779,0.857510528778662,0.783682232957595,0.112209302325581,0.931694695989651,0.658106841611996,0.909141749310268,0.929352290679305,0.103720405862458
0.0717334959597499,0.186836518046709,0.104612850082372,0.189630681818182,0.186211798152097,0.151050080775444,0.159698996655518,0.659897235135796,0.616284510996724,0.864197530864197,0.165697674418605,0.986934023285899,0.927835051546392,0.632279472075162,0.588183254344392,0.15445321307779
0.481323372465315,0.855626326963907,0.919275123558484,0.811789772727273,0.812366737739872,0.88529886914378,0.897993311036789,0.0570100318081722,0.0432849789424427,0.0305958132045088,0.716860465116279,0.0783958602846054,0.0824742268041237,0.0584221907389456,0.107361769352291,0.683201803833145
0.0803018752858667,0.00495399858457182,0.125205930807249,0,0.00497512437810944,0.0201938610662359,0.0986622073578595,0.492183889296686,0.425128685072532,0.57487922705314,0.0197674418604651,0.800646830530401,0.813683223992502,0.463276414883305,0.630584518167457,0
0.161442293032474,0.121019108280255,0.209225700164745,0.100852272727273,0.0973702914001421,0.180936995153473,0.243311036789298,0.475110784873447,0.389330837622836,0.450885668276973,0.0686046511627907,0.720569210866753,0.729147141518276,0.465028707777198,0.587235387045814,0.0710259301014656
0.138359506022259,0.167728237791932,0.199341021416804,0.168323863636364,0.164889836531628,0.178513731825525,0.233277591973244,0.46181660005981,0.372250818905007,0.310252281266774,0.138372093023256,0.647606727037516,0.636551077788191,0.462008798747297,0.536113744075829,0.124577226606539
0.328937338008843,0.165605095541401,0.0370675453047776,0.1640625,0.164889836531628,0.112277867528271,0.108695652173913,0.855096104178561,0.788254562470753,0.816961889425657,0.152906976744186,0.896765847347995,0.661105904404874,0.850011184848259,0.842401263823065,0.143742953776776
0.607440158560756,0.435244161358811,0.521416803953872,0.425426136363636,0.409381663113006,0.469305331179322,0.498327759197324,0.0887366446456243,0.0737014506317267,0.0509930220075148,0.381976744186047,0.145148771021992,0.154264292408622,0.0841473417343971,0.303191153238547,0.332018038331454
0.197255679219393,0.361641896673744,0.306425041186162,0.366477272727273,0.36318407960199,0.346526655896608,0.357023411371237,0.407579588396814,0.280533458118858,0.279119699409554,0.311627906976744,0.536998706338939,0.551640112464855,0.43266721348147,0.460347551342812,0.291431792559188
0.637627687147431,0.322009907997169,0.383031301482702,0.307528409090909,0.310589907604833,0.334410339256866,0.366220735785953,0.215289671859283,0.145531118390267,0.229736983360172,0.301744186046512,0.310219922380336,0.334395501405811,0.223883379315487,0.404107424960506,0.26662908680947
0.510397926513188,0.706298655343241,0.835255354200988,0.625710227272727,0.628997867803838,0.777059773828756,0.800167224080268,0.0661718728760568,0.0505381375760412,0.0128824476650562,0.630232558139535,0.0858990944372574,0.0867853795688847,0.0696443218253673,0.106603475513428,0.586809470124013
0.772236621436194,0.362349610757254,0.467874794069193,0.323863636363636,0.326226012793177,0.437802907915994,0.488294314381271,0.192942391865808,0.135938231165185,0.170692431561997,0.277906976744186,0.278266494178525,0.290909090909091,0.203825218104541,0.384518167456556,0.26662908680947
0.0981094679066929,0.255484784147205,0.227347611202636,0.193892045454545,0.186211798152097,0.275444264943457,0.298494983277592,0.590408612674333,0.57884885353299,0.845410628019324,0.155232558139535,0.99340232858991,0.970759137769447,0.554619342330922,0.624454976303317,0.142615558060879
0.228815368196371,0.0792639773531493,0.0337726523887974,0.0880681818181818,0.0817341862117981,0.0105008077544426,0.00418060200668895,0.906777587472474,0.815629386991109,0.809447128287708,0.132558139534884,0.909573091849935,0.658856607310216,0.892700022369696,0.875387045813586,0.128523111612176
0.228449458758957,0.37721160651097,0.310543657331137,0.376420454545455,0.372423596304193,0.366720516962843,0.370401337792642,0.41445776581573,0.28731867103416,0.278046162104133,0.31453488372093,0.545407503234153,0.558013120899719,0.439750950712102,0.464139020537125,0.298759864712514
0.293047720689129,0.147912243453645,0.100494233937397,0.147727272727273,0.137882018479033,0.12843295638126,0.132943143812709,0.930946361090721,0.888394946186242,0.709608158883521,0.121511627906977,0.928460543337645,0.62717900656045,0.916486466333607,0.96695102685624,0.121758737316798
0.0722366214361945,0.184713375796178,0.0939044481054365,0.186789772727273,0.187633262260128,0.144588045234249,0.152173913043478,0.663404290025283,0.617922321010763,0.872785829307568,0.169186046511628,0.992367399741268,0.93477038425492,0.638841249720379,0.586666666666667,0.153889515219842
0.231986583320628,0.634111818825195,0.600494233937397,0.615767045454546,0.595593461265103,0.610662358642973,0.617056856187291,0.0168012397031237,0.0184838558727188,0.214170692431562,0.568604651162791,0.0357050452781371,0.040112464854733,0.0118186563268958,0.0113112164296998,0.531567080045096
0.165878944961122,0.255484784147205,0.276771004942339,0.209517045454545,0.208955223880597,0.261712439418417,0.289297658862876,0.314357175869287,0.220402433317735,0.324208266237252,0.217441860465116,0.486934023285899,0.527647610121837,0.328424427708597,0.483665086887836,0.198421645997745
0.513431925598414,0.273885350318471,0.297364085667216,0.262073863636364,0.262970859985785,0.250403877221325,0.266722408026756,0.230840333849876,0.153720168460459,0.238862050456253,0.255232558139535,0.328719275549806,0.353701968134958,0.241331742599359,0.414407582938389,0.241262683201804
0.786522335721909,0.339702760084926,0.448929159802306,0.311789772727273,0.311300639658849,0.407108239095315,0.457357859531773,0.192643340673681,0.134066448291998,0.161030595813205,0.28546511627907,0.272574385510996,0.284536082474227,0.202594884796063,0.381927330173776,0.255355129650507
0.105641103826803,0.273885350318471,0.225700164744646,0.196732954545455,0.201847903340441,0.28513731825525,0.302675585284281,0.591496071554794,0.580018717828732,0.853998926462694,0.173837209302326,0.996507115135835,0.974695407685098,0.556744463500112,0.620094786729858,0.159526493799324
0.0870254611983534,0.164897381457891,0.0543657331136738,0.186789772727273,0.182658137882018,0.107431340872375,0.115384615384615,0.671777723404834,0.625175479644361,0.859903381642512,0.166860465116279,0.961578266494179,0.88697282099344,0.650920885839982,0.605687203791469,0.157271702367531
0.251791431620674,0.295824486907289,0.355848434925865,0.238636363636364,0.212508884150675,0.337641357027464,0.36371237458194,0.287197890329772,0.190219934487599,0.400429414922168,0.227325581395349,0.475420439844761,0.53552014995314,0.297255983893819,0.500157977883096,0.22435174746336
0.614544900137216,0.453644727530078,0.514827018121911,0.424715909090909,0.417910447761194,0.491114701130856,0.530100334448161,0.0955332626485061,0.0786148806738418,0.062265163714439,0.343604651162791,0.157179818887452,0.167010309278351,0.0876146446946536,0.322780410742496,0.325817361894025
0.278624790364385,0.120311394196744,0.0403624382207578,0.121448863636364,0.117981520966596,0.0783521809369951,0.0794314381270903,0.914743223771851,0.860318203088442,0.80354267310789,0.115116279069767,0.94385510996119,0.673477038425492,0.907687719036612,0.932322274881517,0.104284103720406
0.219850586979722,0.333333333333333,0.269357495881384,0.346590909090909,0.349680170575693,0.297253634894992,0.298494983277592,0.401897615746405,0.27187646233037,0.277509393451422,0.32906976744186,0.528460543337646,0.546954076850984,0.431213183207814,0.452764612954186,0.311724915445321
0.237627687147431,0.181174805378627,0.085667215815486,0.170454545454545,0.166311300639659,0.160743134087238,0.171404682274247,0.780034254954735,0.722040243331774,0.927536231884058,0.161627906976744,0.891591203104787,0.706841611996251,0.778129893371113,0.746224328593997,0.142615558060879
0.623646897392895,0.54140127388535,0.7166392092257,0.367897727272727,0.343994314143568,0.635702746365105,0.663879598662207,0.0740287632873882,0.0570893776321947,0.0139559849704777,0.433139534883721,0.0984476067270375,0.0985941893158388,0.0779211095369472,0.10824644549763,0.405298759864713
0.202195456624485,0.369426751592357,0.319604612850082,0.355113636363636,0.353944562899787,0.364297253634895,0.376254180602007,0.418834787809586,0.295507721104352,0.268384326355341,0.308139534883721,0.549029754204398,0.556326148078725,0.444560435463426,0.464834123222749,0.293122886133033
0.341012349443513,0.936305732484076,0.785831960461285,0.984375,0.914001421464108,0.825525040387722,0.807692307692308,0.006551939754778,0.00514740290126346,0.168545356951154,0.867441860465116,0.00750323415265195,0.0112464854732896,0.00659906047274623,0.00372827804107425,0.779030439684329
0.422335721908827,0.203113941967445,0.273476112026359,0.194602272727273,0.193319118692253,0.198707592891761,0.224080267558528,0.254954734524101,0.172905942910622,0.347826086956522,0.181395348837209,0.418240620957309,0.467666354264292,0.261650883603012,0.478736176935229,0.157835400225479
0.613996035981095,0.441613588110403,0.590609555189456,0.3984375,0.387348969438522,0.480613893376414,0.513377926421405,0.0776173775929098,0.0620028076743098,0.0424047235641437,0.338953488372093,0.119922380336352,0.127647610121837,0.0798225337409589,0.12,0.311724915445321
0.043223052294557,0.237791932059448,0.155683690280066,0.2109375,0.213219616204691,0.222132471728595,0.237458193979933,0.614332708044477,0.602948058025269,0.814278046162104,0.186046511627907,0.983699870633894,0.936082474226804,0.59003802848408,0.579146919431279,0.170236753100338
0.149763683488337,0.160651096956829,0.168039538714992,0.110795454545455,0.10589907604833,0.178513731825525,0.214046822742475,0.560014136965446,0.544454843238184,0.847557702630166,0.0790697674418605,0.984346701164295,0.985379568884724,0.509544403847588,0.661548183254344,0.0710259301014656
0.842338771154139,0.467799009200283,0.552718286655684,0.415482954545455,0.408670931058991,0.542003231017771,0.588628762541806,0.164396596253704,0.118156293869911,0.0858829844337091,0.347093023255814,0.216946959896507,0.22211808809747,0.172246663186936,0.331437598736177,0.325253664036077
0.132977588046958,0.430290162774239,0.347611202635914,0.377130681818182,0.383795309168443,0.410339256865913,0.417224080267559,0.352445423157437,0.249883013570426,0.327965646806226,0.328488372093023,0.523803363518758,0.557825679475164,0.37159794198792,0.475260663507109,0.360766629086809
0.871657264826955,0.436659589525832,0.544481054365733,0.368607954545455,0.365316275764037,0.524232633279483,0.584448160535117,0.166707446374684,0.118858212447356,0.0912506709608159,0.342441860465116,0.220957309184993,0.227366447985005,0.175564834837074,0.340473933649289,0.292559188275085
0.197682573563043,0.438782731776362,0.373146622734761,0.425426136363636,0.415067519545131,0.417609046849758,0.417224080267559,0.368240763396134,0.258306036499766,0.29898013955985,0.406976744186047,0.518369987063389,0.543017806935333,0.393482961747819,0.43955766192733,0.379368658399098
0.258835188290898,0.111111111111111,0.0238879736408567,0.126420454545455,0.126510305614783,0.0444264943457189,0.0376254180602007,0.9266508985129,0.822882545624708,0.838969404186795,0.0976744186046512,0.926261319534282,0.677975632614808,0.911676981582283,0.886761453396525,0.116685456595265
0.894572343345022,0.416135881104034,0.532948929159802,0.355823863636364,0.352523098791756,0.497576736672052,0.545986622073579,0.168800804719572,0.120729995320543,0.108427267847558,0.309883720930233,0.228201811125485,0.236176194939082,0.176608754007904,0.348941548183254,0.279030439684329
0.0852111602378411,0.16135881104034,0.0609555189456343,0.176136363636364,0.165600568585643,0.108239095315024,0.116220735785953,0.673707962917652,0.62540945250351,0.880300590445518,0.176744186046512,0.96248382923674,0.887910028116214,0.654388188800239,0.608530805687204,0.15163472378805
0.653087360878183,0.341825902335457,0.424217462932455,0.324573863636364,0.322672352523099,0.378836833602585,0.421404682274248,0.208601799744447,0.142957416939635,0.20450885668277,0.306395348837209,0.300905562742562,0.322586691658857,0.220639773320409,0.401832543443918,0.269447576099211
0.262143619454185,0.156404812455768,0.13673805601318,0.150568181818182,0.144278606965174,0.143780290791599,0.150501672240803,0.937253622597396,0.901497426298549,0.71658615136876,0.122093023255814,0.929754204398448,0.618744142455483,0.920363880396689,0.979778830963665,0.124577226606539
0.688611068760482,0.629865534324133,0.645799011532125,0.513494318181818,0.506041222459133,0.718901453957997,0.766722408026756,0.142321180980344,0.107861488067384,0.0907139023081051,0.456976744186047,0.205821474773609,0.212933458294283,0.142942360748639,0.333143759873618,0.432356257046223
0.294374142399756,0.21585279547063,0.209225700164745,0.204545454545455,0.20682302771855,0.205169628432956,0.222408026755853,0.276622352717288,0.184370613008891,0.370907139023081,0.190697674418605,0.457179818887452,0.51415182755389,0.285064499291626,0.499210110584518,0.181510710259301
0.334486964476292,0.720452937013447,0.733937397034596,0.698153409090909,0.704335465529495,0.752019386106624,0.776755852842809,0.0323790881657287,0.027608797379504,0.072463768115942,0.701744186046512,0.0548512289780077,0.0611059044048735,0.0274401610618149,0.124992101105845,0.604284103720406
0.289815520658637,0.794055201698514,0.706754530477759,0.889914772727273,0.875621890547264,0.730210016155089,0.729096989966555,0.0289535926922763,0.0231633130556856,0.0864197530864197,0.887209302325581,0.0377749029754204,0.040112464854733,0.0242338378942659,0.127582938388626,0.812288613303269
0.246836407989023,0.106157112526539,0.0362438220757825,0.127840909090909,0.122956645344705,0.0387722132471729,0.0284280936454849,0.921702960606802,0.821010762751521,0.821256038647343,0.112790697674419,0.921474773609315,0.672352389878163,0.908246961449556,0.888404423380727,0.122322435174746
0.200884281140418,0.365888181174805,0.314662273476112,0.364346590909091,0.358919687277896,0.355411954765751,0.364548494983278,0.410651659734116,0.283341132428638,0.286097691894793,0.313372093023256,0.541785252263907,0.556326148078725,0.436059950786668,0.46129541864139,0.291995490417136
0.694816282969965,0.484784147204529,0.560131795716639,0.127130681818182,0.443496801705757,0.549273021001616,0.596989966555184,0.124214990620667,0.0985025737014506,0.0708534621578099,0.387790697674419,0.184346701164295,0.191002811621368,0.116583401685184,0.322843601895735,0.353438556933484
0.108827565177618,0.184005661712668,0.128500823723229,0.167613636363636,0.162046908315565,0.172859450726979,0.188127090301003,0.686648723595139,0.632662611137108,0.97638217928073,0.12906976744186,0.96843467011643,0.890534208059981,0.672060249049288,0.632985781990521,0.132468996617813
0.322198505869797,0.7034677990092,0.733937397034596,0.716619318181818,0.706467661691542,0.724555735056543,0.736622073578595,0.0300410515727374,0.026906878802059,0.0654857756307031,0.655232558139535,0.0489003880983182,0.053045923149016,0.0250167772723883,0.123728278041074,0.588500563697858
0.256868425064796,0.549893842887473,0.519769357495881,0.478693181818182,0.477611940298507,0.563004846526656,0.588628762541806,0.0111464535247261,0.0147402901263454,0.184111647879764,0.377325581395349,0.0245795601552393,0.0258669165885661,0.00585340392215343,0.0103001579778831,0.383314543404735
0.651821924073792,0.560509554140127,0.591433278418451,0.506392045454546,0.502487562189055,0.638126009693053,0.686454849498328,0.137563548378327,0.104819840898456,0.0869565217391304,0.436627906976744,0.198188874514877,0.20543580131209,0.1335843710387,0.333649289099526,0.409244644870349
0.370498551608477,0.826610049539986,0.764415156507414,0.772727272727273,0.785358919687278,0.827140549273021,0.833612040133779,0.0323247152217056,0.0287786616752457,0.0756843800322061,0.737790697674419,0.0618369987063389,0.0701030927835052,0.0277757065095817,0.12391785150079,0.686020293122886
0.0886872998932763,0.239207360226469,0.239703459637562,0.237215909090909,0.238095238095238,0.25686591276252,0.290969899665552,0.445912513933067,0.35072531586336,0.253354804079442,0.200581395348837,0.58745148771022,0.56738519212746,0.469017970322869,0.483285939968404,0.204622322435175
0.272983686537582,0.636942675159236,0.523887973640857,0.670454545454546,0.668798862828713,0.537964458804523,0.530936454849498,0,0,0.168008588298443,0.65,0.00258732212160414,0.0084348641049672,0,0.0109952606635071,0.58173618940248
0.359490776032932,0.796178343949045,0.754530477759473,0.7890625,0.779673063255153,0.806138933764136,0.822742474916388,0.0317809857814751,0.029012634534394,0.0789049919484701,0.725,0.0624838292367399,0.0708528584817245,0.0275147267168742,0.123981042654028,0.683765501691094
0.194572343345022,0.186128803963199,0.0897858319604613,0.161221590909091,0.163468372423596,0.170436187399031,0.180602006688963,0.762553353451323,0.711043518951802,0.935050993022007,0.148837209302326,0.89353169469599,0.717900656044986,0.765155469390799,0.728909952606635,0.144306651634724
0.227473700259186,0.390658174097665,0.472817133443163,0.393465909090909,0.383084577114428,0.409531502423263,0.442307692307692,0.0065791262267895,0.0112306972391203,0.174449812130972,0.372093023255814,0.018111254851229,0.0191190253045924,0.00260979792707479,0.00657187993680885,0.313416009019166
0.231468211617624,0.171974522292994,0.111202635914333,0.165482954545455,0.162757640369581,0.143780290791599,0.148829431438127,0.956528831253568,0.930276087973795,0.683306494900698,0.140116279069767,0.93751617076326,0.608434864104967,0.948475132354038,0.988751974723539,0.131905298759865
0.0704985516084768,0.170559094125973,0.0708401976935749,0.196022727272727,0.191186922530206,0.120355411954766,0.12876254180602,0.669249381507762,0.623069723912026,0.893183038110574,0.167441860465116,0.975291073738681,0.908153701968135,0.647677279844903,0.599494470774092,0.153889515219842
0.281308126238756,0.123142250530786,0.014003294892916,0.147017045454545,0.137171286425018,0.0452342487883684,0.0376254180602007,0.885463393415436,0.807206364061769,0.812667740203972,0.155813953488372,0.903751617076326,0.656982193064667,0.875512638878532,0.86218009478673,0.141488162344983
0.108919042536972,0.196744515215853,0.14332784184514,0.1796875,0.174840085287847,0.181744749596123,0.196488294314381,0.694342495174401,0.652550304164717,0.98443370907139,0.155232558139535,0.942173350582148,0.834114339268978,0.68421445082395,0.659399684044234,0.131341600901917
0.0285409361183107,0.209483368719038,0.110378912685338,0.215909090909091,0.213219616204691,0.174474959612278,0.186454849498328,0.637386836310252,0.614880673841834,0.837359098228663,0.183720930232558,0.988486416558862,0.933083411433927,0.606517038252181,0.577756714060032,0.166854565952649
0.605168470803476,0.421797593772116,0.515650741350906,0.380681818181818,0.38592750533049,0.458804523424879,0.489130434782609,0.0906940706304543,0.0751052877866167,0.0407944176060118,0.33953488372093,0.14359637774903,0.15107778819119,0.0856013720080531,0.308941548183254,0.310033821871477
0.923037048330538,0.40410474168436,0.537891268533773,0.361505681818182,0.360341151385927,0.482229402261713,0.544314381270903,0.181632819509012,0.127983153954141,0.131508319914117,0.309883720930233,0.249288486416559,0.259981255857545,0.191708299157408,0.363096366508689,0.281285231116122
0.356883671291355,0.147204529370134,0.0354200988467875,0.159801136363636,0.15636105188344,0.0775444264943457,0.0752508361204014,0.880406709621293,0.796443612540945,0.812130971551261,0.152325581395349,0.898447606727037,0.658106841611996,0.868988144060846,0.852701421800948,0.143179255918827
0.304268943436499,0.560509554140127,0.775123558484349,0.576704545454545,0.552949538024165,0.516962843295638,0.540133779264214,0.00606258325857052,0.00631726719700515,0.144390767579173,0.712790697674419,0.00284605433376454,0.0033739456419869,0.00536872716426813,0,0.560879368658399
0.467159627992072,0.83722576079264,0.911861614497529,0.794034090909091,0.781094527363184,0.868336025848142,0.882943143812709,0.0563031835358725,0.0425830603649977,0.0279119699409554,0.692441860465116,0.0773609314359637,0.0815370196813496,0.0577510998434121,0.10780410742496,0.668545659526494
0.1695990242415,0.221514508138712,0.245469522240527,0.200994318181818,0.1954513148543,0.244749596122779,0.297658862876254,0.447978685805943,0.354468881609733,0.279119699409554,0.170348837209302,0.607115135834411,0.592502343017807,0.463984788606368,0.50521327014218,0.160090191657272
0.430751638969355,0.193913658881812,0.275123558484349,0.181818181818182,0.182658137882018,0.193053311793215,0.216555183946488,0.252915749123236,0.172204024333177,0.351583467525496,0.183720930232558,0.416558861578267,0.465604498594189,0.259264782641115,0.476587677725118,0.151071025930101
0.254459521268486,0.742392073602265,0.618616144975288,0.686079545454546,0.697938877043355,0.705169628432956,0.706521739130435,0.0186499197999075,0.0201216658867572,0.209339774557166,0.599418604651163,0.0360931435963777,0.0399250234301781,0.013869211841026,0.154755134281201,0.58173618940248
0.391736545205062,0.196036801132343,0.295716639209226,0.1796875,0.177683013503909,0.206785137318255,0.230769230769231,0.253840089171628,0.168694431445952,0.330112721417069,0.187209302325581,0.401423027166882,0.444798500468604,0.259525762433823,0.467172195892575,0.156144306651635
0.447339533465467,0.843595187544232,0.836079077429984,0.798295454545455,0.828002842928216,0.847334410339257,0.845317725752508,0.0395019438327488,0.0320542817033224,0.0579710144927535,0.92906976744186,0.0626131953428202,0.0667291471415183,0.0368354335992842,0.117598736176935,0.812288613303269
0.670132642171062,0.425336164189667,0.611202635914333,0.365056818181818,0.361762615493959,0.474151857835218,0.515886287625418,0.07691052932061,0.0605989705194198,0.0402576489533011,0.381976744186047,0.115265200517464,0.121462043111528,0.0798598165684885,0.117345971563981,0.329763246899662
0.268790974233877,0.643312101910828,0.527182866556837,0.676136363636364,0.673773987206823,0.554927302100162,0.560200668896321,0.00171274773672619,0.00116986429574169,0.184648416532474,0.634302325581395,0.00776196636481242,0.0148078725398314,0.00145403027365595,0.0113744075829384,0.578917700112739
0.150343040097576,0.0389242745930644,0.0626029654036244,0.0305397727272727,0.0262970859985785,0.0363489499192246,0.0869565217391304,0.52127341434902,0.480112306972391,0.754696725711218,0.00988372093023255,0.916946959896507,0.936832239925024,0.479941838789054,0.65175355450237,0.00450958286358512
0.128967830461961,0.334748761500354,0.299835255354201,0.336647727272727,0.333333333333333,0.335218093699515,0.359531772575251,0.435255416904548,0.317969115582592,0.278582930756844,0.305813953488372,0.56843467011643,0.562886597938144,0.459771829095519,0.471658767772512,0.281285231116122
0.286430858362555,0.112526539278132,0.0123558484349258,0.139914772727273,0.130774697938877,0.0339256865912762,0.0259197324414716,0.888100481200555,0.810014038371549,0.799248523886205,0.148837209302326,0.900776196636481,0.650421743205248,0.875848184326299,0.865150078988942,0.138669673055242
0.220262235096813,0.210191082802548,0.13673805601318,0.175426136363636,0.174129353233831,0.204361873990307,0.218227424749164,0.747410488540902,0.694431445952269,0.909822866344605,0.14593023255814,0.881630012936611,0.715838800374883,0.738535530534636,0.718420221169036,0.143742953776776
0.295395639579204,0.170559094125973,0.0477759472817134,0.166903409090909,0.160625444207534,0.118739903069467,0.117056856187291,0.84723921376723,0.773748245203557,0.869028448738593,0.150581395348837,0.904269081500647,0.685098406747891,0.839348296174782,0.822685624012638,0.143179255918827
0.274843726177771,0.165605095541401,0.0485996705107084,0.164772727272727,0.165600568585643,0.11389337641357,0.114548494983278,0.836011200826469,0.763687412260178,0.876006441223832,0.151744186046512,0.901293661060802,0.689409559512652,0.827007680262471,0.804044233807267,0.144306651634724
0.162585760024394,0.0311394196744515,0.0304777594728171,0.0291193181818182,0.0262970859985785,0.0153473344103393,0.0543478260869565,0.527988472935867,0.49859616284511,0.834138486312399,0.00639534883720932,0.955239327296248,0.980318650421743,0.487845798225337,0.65567140600316,0.00450958286358512
0.118493672815978,0.13517338995046,0.043657331136738,0.166193181818182,0.159203980099502,0.0815831987075929,0.092809364548495,0.678356849631623,0.62400561534862,0.911969940955448,0.155232558139535,0.953428201811125,0.876288659793814,0.659682350309447,0.619589257503949,0.13021420518602
0.178060679981704,0.260438782731776,0.282537067545305,0.217329545454545,0.215351812366738,0.268982229402262,0.302675585284281,0.312590055188538,0.218998596162845,0.332259796027912,0.220348837209302,0.488486416558862,0.531396438612934,0.3260383267467,0.481832543443918,0.20011273957159
0.121756365299588,0.198159943382873,0.135914332784185,0.174005681818182,0.173418621179815,0.189014539579968,0.203177257525084,0.69466873283854,0.647168928404305,0.986580783682233,0.155232558139535,0.946571798188874,0.845173383317713,0.682984117515472,0.653838862559242,0.133596392333709
0.116115261472785,0.112526539278132,0.175453047775947,0.122159090909091,0.115849324804549,0.124394184168013,0.181438127090301,0.467036402686023,0.378802058961161,0.339774557165862,0.112209302325581,0.664553686934023,0.656794751640112,0.462791738125419,0.545276461295419,0.113866967305524
0.270178380850739,0.227883934890304,0.14497528830313,0.205255681818182,0.199715707178394,0.205169628432956,0.20819397993311,0.998477557567355,0.969817501169864,0.593129361245303,0.162790697674419,0.938680465717982,0.578444236176195,1,1,0.159526493799324
0.230096051227321,0.169851380042463,0.112026359143328,0.149857954545455,0.152807391613362,0.147819063004847,0.155518394648829,0.950004077970802,0.92115114646701,0.682769726247987,0.134302325581395,0.930659767141009,0.60506091846298,0.931846991275818,0.990710900473934,0.131905298759865
0.458728464704985,0.927813163481953,0.970345963756178,0.833806818181818,0.828713574982232,0.959612277867528,0.964046822742475,0.0426283881140744,0.0339260645765091,0.028448738593666,0.769186046511628,0.0617076326002587,0.0641049671977508,0.0404891506971889,0.108436018957346,0.749154453213078
0.180088428114042,0.0587402689313517,0.0593080724876441,0.0404829545454546,0.0398009950248756,0.0581583198707593,0.0994983277591974,0.551124160617677,0.520121665886757,0.877616747181964,0.0197674418604651,0.976196636481242,0.9941893158388,0.502647080754605,0.664518167456556,0.0169109357384442
0.228022564415307,0.105449398443029,0.0205930807248764,0.116477272727273,0.117981520966596,0.0395799676898223,0.0326086956521739,0.923660386591632,0.84089845577913,0.798174986580784,0.104651162790698,0.925614489003881,0.662792877225867,0.910670345238983,0.917535545023697,0.103720405862458
0.11960664735478,0.182590233545648,0.171334431630972,0.125,0.121535181236674,0.201130856219709,0.233277591973244,0.577223173748743,0.560364997660271,0.857219538378959,0.0813953488372093,0.996636481241915,0.987628865979381,0.530758332711953,0.645687203791469,0.0834272829763247
0.88877877725263,0.358811040339703,0.512355848434926,0.323153409090909,0.319829424307036,0.425686591276252,0.474080267558528,0.184895196150396,0.129153018249883,0.134728931830381,0.275581395348837,0.253428201811125,0.26447985004686,0.193311460741183,0.367582938388625,0.251972942502818
0.499313919804848,0.281670205237084,0.3500823723229,0.259943181818182,0.265103056147832,0.294830371567044,0.32190635451505,0.233858032243156,0.158867571361722,0.287707997852925,0.237790697674419,0.359508408796895,0.392877225866917,0.245581984937738,0.434439178515008,0.214205186020293
0.111312700106723,0.179759377211606,0.163920922570017,0.137784090909091,0.132906894100924,0.190630048465267,0.222408026755853,0.582252671070875,0.563874590547497,0.871175523349436,0.108139534883721,0.999611901681759,0.989878163074039,0.536425322496458,0.643412322274881,0.0975197294250282
0.700548864156121,0.642604387827318,0.642504118616145,0.508522727272727,0.502487562189055,0.739903069466882,0.795986622073579,0.142565859228448,0.107393542349088,0.0917874396135265,0.432558139534884,0.205045278137128,0.212746016869728,0.141376481992394,0.333649289099526,0.425028184892897
0.152492758042384,0.0438782731776362,0.150741350906096,0.0305397727272727,0.0277185501066098,0.0807754442649435,0.153010033444816,0.493760704673355,0.43097800655124,0.595813204508857,0.00290697674418606,0.823027166882277,0.84311152764761,0.463201849228245,0.637282780410742,0.00732807215332581
0.106967525537429,0.182590233545648,0.114497528830313,0.171164772727273,0.166311300639659,0.163974151857835,0.176421404682274,0.696000869967104,0.653954141319607,0.989801395598497,0.146511627906977,0.939844760672704,0.829803186504218,0.68525836999478,0.660663507109005,0.129650507328072
0.236712913553895,0.112526539278132,0.0214168039538715,0.122869318181818,0.121535181236674,0.0533117932148627,0.0493311036789298,0.926243101432727,0.843004211511465,0.767579173376275,0.109883720930233,0.917464424320828,0.649297094657919,0.916262769368429,0.924107424960505,0.103720405862458
0.139365756975149,0.292285916489738,0.330313014827018,0.229403409090909,0.225302061122957,0.319870759289176,0.351170568561873,0.308512084386809,0.215021057557323,0.336017176596887,0.241860465116279,0.479818887451488,0.522586691658857,0.321228841995377,0.479873617693523,0.217023675310034
0.276536057325812,0.121019108280255,0.0362438220757825,0.118607954545455,0.120824449182658,0.0815831987075929,0.0819397993311037,0.918059973357258,0.870846981750117,0.797101449275362,0.112209302325581,0.94359637774903,0.66485473289597,0.911490567444635,0.943633491311216,0.102029312288613
0.196203689586827,0.174805378627035,0.0955518945634267,0.166903409090909,0.164179104477612,0.153473344103393,0.164715719063545,0.735720305575945,0.684604585868039,0.9447128287708,0.127325581395349,0.897930142302717,0.747516401124649,0.726083066139736,0.70432859399684,0.129086809470124
0.587040707424912,0.427459306440198,0.541186161449753,0.396306818181818,0.393034825870647,0.482229402261713,0.525083612040134,0.0831906043552728,0.0676181562938699,0.0445517981749865,0.327906976744186,0.131565329883571,0.14020618556701,0.0815375438073223,0.26654028436019,0.30608793686584
0.24644000609849,0.43241330502477,0.474464579901153,0.394176136363636,0.408670931058991,0.454765751211632,0.480769230769231,0.00780251746730822,0.0135704258306037,0.18894256575416,0.355813953488372,0.0243208279430789,0.0256794751640113,0.00309447468496009,0.00878357030015798,0.326944757609921
0.761853941149565,0.348903043170559,0.468698517298188,0.317471590909091,0.311300639658849,0.411147011308562,0.459866220735786,0.19601446320311,0.138277959756668,0.173913043478261,0.302325581395349,0.282923673997413,0.296907216494845,0.207404369547386,0.387298578199052,0.26662908680947
0.312349443512731,0.205237084217976,0.21169686985173,0.206676136363636,0.208244491826581,0.197092084006462,0.214882943143813,0.272163771307397,0.181796911558259,0.378958668813741,0.195348837209302,0.45019404915912,0.506654170571696,0.280776974125718,0.491184834123223,0.167418263810597
0.334243024851349,0.771408351026185,0.733937397034596,0.8046875,0.788912579957356,0.764135702746365,0.765886287625418,0.02919827094038,0.026204960224614,0.0730005367686527,0.736627906976744,0.0486416558861578,0.053045923149016,0.0238610096189695,0.123538704581359,0.66967305524239
0.598993749047111,0.411181882519462,0.514003294892916,0.389204545454546,0.385216773276475,0.451534733441034,0.483277591973244,0.0908300029905119,0.0760411792232101,0.0536768652710682,0.332558139534884,0.148124191461837,0.156701030927835,0.0848184326299306,0.312859399684044,0.302705749718151
0.639838389998475,0.32342533616419,0.378912685337727,0.308948863636364,0.30774697938877,0.335218093699515,0.365384615384615,0.217899573172389,0.14506317267197,0.221148684916801,0.3,0.307632600258732,0.331021555763824,0.225971217657147,0.404865718799368,0.280157835400225
0.15183717030035,0.174805378627035,0.187808896210873,0.1171875,0.106609808102345,0.197899838449111,0.23494983277592,0.56025881521355,0.541647168928404,0.859903381642512,0.0488372093023256,0.9875808538163,0.992689784442362,0.507866676608754,0.660600315955766,0.0744081172491544
0.166565025156274,0.0198159943382873,0.0782537067545305,0.0213068181818182,0.0184790334044066,0.0153473344103393,0.0769230769230769,0.50311285104532,0.450163781001404,0.628556092324208,0.022093023255814,0.848124191461837,0.86447985004686,0.465662515845202,0.640379146919431,0.00450958286358512
0.629166031407227,0.468506723283793,0.521416803953872,0.424005681818182,0.431414356787491,0.500807754442649,0.538461538461538,0.0956963814805753,0.0793167992512869,0.0665593129361244,0.347674418604651,0.159508408796895,0.169447047797563,0.0876519275221833,0.323159557661927,0.337655016910936
0.225354474767495,0.164897381457891,0.0593080724876441,0.163352272727273,0.167022032693674,0.132471728594507,0.134615384615385,0.79330125329636,0.734440804866635,0.906602254428341,0.153488372093023,0.894307891332471,0.702343017806935,0.791365297144135,0.760063191153239,0.143179255918827
0.147004116481171,0.152866242038217,0.151565074135091,0.105823863636364,0.101634683724236,0.17124394184168,0.207357859531773,0.566810754968328,0.548666354702855,0.860440150295223,0.0784883720930233,0.991461836998706,0.991190253045923,0.515285959287152,0.654533965244866,0.0698985343855693
0.665009910047263,0.508846426043878,0.556836902800659,0.458806818181818,0.461265103056148,0.5718901453958,0.627090301003345,0.129543539134926,0.0996724379971923,0.074074074074074,0.391860465116279,0.188615782664942,0.195876288659794,0.12422638132876,0.306034755134281,0.367531003382187
0.115810336941607,0.336164189667374,0.302306425041186,0.335227272727273,0.333333333333333,0.336025848142165,0.36371237458194,0.436071011064894,0.319606925596631,0.285560923242083,0.309302325581395,0.570245795601552,0.564573570759138,0.459436283647752,0.472101105845182,0.285794813979707
0.0208720841591706,0.185421089879689,0.0914332784184514,0.198153409090909,0.194740582800284,0.151857835218094,0.162207357859532,0.653454041269065,0.614178755264389,0.860440150295223,0.166279069767442,0.987968952134541,0.930459231490159,0.627432704496309,0.584075829383886,0.15445321307779
0.443573715505412,0.885350318471338,1,0.819602272727273,0.790334044065387,0.92891760904685,0.938127090301003,0.0456732729793655,0.0346279831539542,0.0257648953301126,0.732558139534884,0.0611901681759379,0.0633552014995314,0.0439191708299157,0.106161137440758,0.676437429537768
0.212349443512731,0.178343949044586,0.0774299835255354,0.173295454545455,0.169864960909737,0.151857835218094,0.160535117056856,0.773210450479841,0.71548900327562,0.920558239398819,0.149418604651163,0.888615782664942,0.706841611996251,0.770114085452241,0.73345971563981,0.141488162344983
0.277313614880317,0.158527954706299,0.0444810543657331,0.172585227272727,0.16773276474769,0.104200323101777,0.1061872909699,0.827148410950711,0.756200280767431,0.895866881374128,0.154651162790698,0.897412677878396,0.689971883786317,0.816344791588994,0.788878357030016,0.140924464487035
0.116206738832139,0.295824486907289,0.227347611202636,0.219460227272727,0.211087420042644,0.294022617124394,0.301839464882943,0.594840007612212,0.582124473561067,0.852925389157273,0.152325581395349,0.996507115135835,0.973008434864105,0.562486018939676,0.61567140600316,0.171927846674183
0.184326879097423,0.200283085633404,0.117792421746293,0.177556818181818,0.171286425017768,0.187399030694669,0.201505016722408,0.754696463039991,0.704024333177351,0.92109500805153,0.154651162790698,0.883699870633894,0.710965323336457,0.753970621131907,0.72739336492891,0.14543404735062
0.236148803171215,0.343241330502477,0.271828665568369,0.355113636363636,0.358919687277896,0.306946688206785,0.309364548494983,0.396677813120191,0.269302760879738,0.273215244229737,0.338953488372093,0.523544631306598,0.541143392689785,0.427112072179554,0.448973143759874,0.308906426155581
0.54913858819942,0.782024062278839,0.85996705107084,0.723011363636364,0.716417910447761,0.817447495961228,0.82190635451505,0.0621754614903623,0.0465605989705194,0.025228126677402,0.687209302325581,0.0868046571798188,0.0920337394564199,0.0649839683841623,0.106350710900474,0.653325817361894
0.414987040707425,0.203821656050955,0.231466227347611,0.204545454545455,0.204690831556503,0.190630048465267,0.209866220735786,0.261126063670717,0.175011698642957,0.420289855072464,0.2,0.445666235446313,0.506091846298032,0.26806352993811,0.483854660347551,0.197294250281849
0.0815978045433754,0.287331917905166,0.252883031301483,0.297585227272727,0.294243070362473,0.267366720516963,0.290969899665552,0.441318000163119,0.331305568554048,0.274288781535158,0.255232558139535,0.573479948253558,0.562886597938144,0.466669152188502,0.472796208530806,0.268883878241263
0.196615337703918,0.193913658881812,0.112026359143328,0.160511363636364,0.157782515991471,0.180129240710824,0.19314381270903,0.757034499632983,0.706364061768835,0.926999463231347,0.155813953488372,0.884217335058215,0.709090909090909,0.757512489747222,0.727772511848341,0.143179255918827
0.121390455862174,0.195329087048832,0.149093904448105,0.171875,0.170575692963753,0.189822294022617,0.205685618729097,0.687328385395427,0.640149742629855,0.99248523886205,0.143604651162791,0.951746442432083,0.85941893158388,0.672134814704347,0.64739336492891,0.131341600901917
0.239441988107943,0.156404812455768,0.104612850082372,0.141335227272727,0.139303482587065,0.130856219709208,0.133779264214047,0.946741701329419,0.914599906410856,0.66129898013956,0.133720930232558,0.920827943078913,0.595688847235239,0.930094698381925,0.993112164296998,0.130777903043968
0.373486812014027,0.196744515215853,0.233113673805601,0.203125,0.196872778962331,0.184975767366721,0.205685618729097,0.27398526493217,0.177819372952737,0.390230810520665,0.276744186046512,0.446830530401035,0.505716963448922,0.2826411155022,0.491879936808847,0.167981961668546
